fecha,sucursal,tamano,n_tickets,ingreso_total_mxn,n_con_bebida,tasa_conversion_bebida
2025-06-01,Campanario,Chico,103,17005.0,79,0.767
2025-06-01,Campanario,Grande,53,14085.0,42,0.7925
2025-06-01,Campanario,Mediano,158,33950.0,120,0.7595
2025-06-01,Centro Sur,Chico,57,9310.0,41,0.7193
2025-06-01,Centro Sur,Grande,30,7850.0,21,0.7
2025-06-01,Centro Sur,Mediano,93,20110.0,74,0.7957
2025-06-01,El Refugio,Chico,77,12420.0,53,0.6883
2025-06-01,El Refugio,Grande,49,12845.0,34,0.6939
2025-06-01,El Refugio,Mediano,129,27490.0,93,0.7209
2025-06-01,Jurica,Chico,70,11400.0,50,0.7143
2025-06-01,Jurica,Grande,29,7780.0,25,0.8621
2025-06-01,Jurica,Mediano,86,18255.0,60,0.6977
2025-06-01,Juriquilla,Chico,98,15815.0,66,0.6735
2025-06-01,Juriquilla,Grande,65,17140.0,48,0.7385
2025-06-01,Juriquilla,Mediano,164,35320.0,128,0.7805
2025-06-02,Campanario,Chico,100,16410.0,74,0.74
2025-06-02,Campanario,Grande,74,19585.0,56,0.7568
2025-06-02,Campanario,Mediano,178,37770.0,125,0.7022
2025-06-02,Centro Sur,Chico,48,7820.0,34,0.7083
2025-06-02,Centro Sur,Grande,46,12020.0,31,0.6739
2025-06-02,Centro Sur,Mediano,119,25880.0,99,0.8319
2025-06-02,El Refugio,Chico,72,11935.0,57,0.7917
2025-06-02,El Refugio,Grande,49,12685.0,30,0.6122
2025-06-02,El Refugio,Mediano,155,32970.0,110,0.7097
2025-06-02,Jurica,Chico,66,10860.0,50,0.7576
2025-06-02,Jurica,Grande,40,10615.0,31,0.775
2025-06-02,Jurica,Mediano,99,21330.0,78,0.7879
2025-06-02,Juriquilla,Chico,110,18245.0,87,0.7909
2025-06-02,Juriquilla,Grande,70,18725.0,59,0.8429
2025-06-02,Juriquilla,Mediano,188,40185.0,139,0.7394
2025-06-03,Campanario,Chico,103,17020.0,80,0.7767
2025-06-03,Campanario,Grande,61,16145.0,46,0.7541
2025-06-03,Campanario,Mediano,181,38735.0,135,0.7459
2025-06-03,Centro Sur,Chico,47,7760.0,36,0.766
2025-06-03,Centro Sur,Grande,54,14050.0,35,0.6481
2025-06-03,Centro Sur,Mediano,113,24730.0,98,0.8673
2025-06-03,El Refugio,Chico,90,14785.0,68,0.7556
2025-06-03,El Refugio,Grande,68,17985.0,52,0.7647
2025-06-03,El Refugio,Mediano,140,30040.0,106,0.7571
2025-06-03,Jurica,Chico,73,12240.0,61,0.8356
2025-06-03,Jurica,Grande,29,7720.0,23,0.7931
2025-06-03,Jurica,Mediano,102,21730.0,74,0.7255
2025-06-03,Juriquilla,Chico,107,17520.0,79,0.7383
2025-06-03,Juriquilla,Grande,67,17485.0,45,0.6716
2025-06-03,Juriquilla,Mediano,223,47955.0,172,0.7713
2025-06-04,Campanario,Chico,111,17990.0,77,0.6937
2025-06-04,Campanario,Grande,76,20180.0,59,0.7763
2025-06-04,Campanario,Mediano,176,38275.0,146,0.8295
2025-06-04,Centro Sur,Chico,66,10860.0,50,0.7576
2025-06-04,Centro Sur,Grande,39,10290.0,29,0.7436
2025-06-04,Centro Sur,Mediano,90,19495.0,73,0.8111
2025-06-04,El Refugio,Chico,77,12620.0,57,0.7403
2025-06-04,El Refugio,Grande,62,16360.0,46,0.7419
2025-06-04,El Refugio,Mediano,147,31680.0,115,0.7823
2025-06-04,Jurica,Chico,58,9450.0,42,0.7241
2025-06-04,Jurica,Grande,44,11585.0,32,0.7273
2025-06-04,Jurica,Mediano,111,23855.0,85,0.7658
2025-06-04,Juriquilla,Chico,113,18735.0,90,0.7965
2025-06-04,Juriquilla,Grande,64,16810.0,46,0.7188
2025-06-04,Juriquilla,Mediano,180,38575.0,136,0.7556
2025-06-05,Campanario,Chico,105,17380.0,83,0.7905
2025-06-05,Campanario,Grande,69,18235.0,52,0.7536
2025-06-05,Campanario,Mediano,187,40180.0,143,0.7647
2025-06-05,Centro Sur,Chico,68,11170.0,51,0.75
2025-06-05,Centro Sur,Grande,44,11590.0,32,0.7273
2025-06-05,Centro Sur,Mediano,121,26140.0,96,0.7934
2025-06-05,El Refugio,Chico,103,16945.0,77,0.7476
2025-06-05,El Refugio,Grande,59,15520.0,42,0.7119
2025-06-05,El Refugio,Mediano,148,31905.0,116,0.7838
2025-06-05,Jurica,Chico,60,9850.0,45,0.75
2025-06-05,Jurica,Grande,37,9680.0,25,0.6757
2025-06-05,Jurica,Mediano,128,27550.0,100,0.7812
2025-06-05,Juriquilla,Chico,113,18560.0,85,0.7522
2025-06-05,Juriquilla,Grande,80,21070.0,58,0.725
2025-06-05,Juriquilla,Mediano,177,37835.0,130,0.7345
2025-06-06,Campanario,Chico,100,16640.0,80,0.8
2025-06-06,Campanario,Grande,65,16885.0,42,0.6462
2025-06-06,Campanario,Mediano,141,30475.0,112,0.7943
2025-06-06,Centro Sur,Chico,58,9120.0,33,0.569
2025-06-06,Centro Sur,Grande,35,9250.0,26,0.7429
2025-06-06,Centro Sur,Mediano,88,18920.0,68,0.7727
2025-06-06,El Refugio,Chico,78,12780.0,58,0.7436
2025-06-06,El Refugio,Grande,47,12470.0,37,0.7872
2025-06-06,El Refugio,Mediano,111,24085.0,91,0.8198
2025-06-06,Jurica,Chico,64,10590.0,51,0.7969
2025-06-06,Jurica,Grande,39,10375.0,31,0.7949
2025-06-06,Jurica,Mediano,90,19030.0,62,0.6889
2025-06-06,Juriquilla,Chico,79,13025.0,61,0.7722
2025-06-06,Juriquilla,Grande,76,20040.0,56,0.7368
2025-06-06,Juriquilla,Mediano,167,35655.0,122,0.7305
2025-06-07,Campanario,Chico,97,15620.0,65,0.6701
2025-06-07,Campanario,Grande,66,16955.0,37,0.5606
2025-06-07,Campanario,Mediano,148,31765.0,112,0.7568
2025-06-07,Centro Sur,Chico,59,9605.0,42,0.7119
2025-06-07,Centro Sur,Grande,40,10450.0,27,0.675
2025-06-07,Centro Sur,Mediano,93,20080.0,74,0.7957
2025-06-07,El Refugio,Chico,78,12775.0,58,0.7436
2025-06-07,El Refugio,Grande,45,11860.0,33,0.7333
2025-06-07,El Refugio,Mediano,134,28910.0,106,0.791
2025-06-07,Jurica,Chico,54,8790.0,38,0.7037
2025-06-07,Jurica,Grande,36,9545.0,28,0.7778
2025-06-07,Jurica,Mediano,75,16260.0,61,0.8133
2025-06-07,Juriquilla,Chico,102,16735.0,76,0.7451
2025-06-07,Juriquilla,Grande,78,20620.0,59,0.7564
2025-06-07,Juriquilla,Mediano,165,35380.0,124,0.7515
2025-06-08,Campanario,Chico,107,17215.0,71,0.6636
2025-06-08,Campanario,Grande,56,14590.0,36,0.6429
2025-06-08,Campanario,Mediano,159,34235.0,124,0.7799
2025-06-08,Centro Sur,Chico,67,11010.0,50,0.7463
2025-06-08,Centro Sur,Grande,34,8935.0,24,0.7059
2025-06-08,Centro Sur,Mediano,83,17990.0,67,0.8072
2025-06-08,El Refugio,Chico,66,10810.0,49,0.7424
2025-06-08,El Refugio,Grande,49,13040.0,39,0.7959
2025-06-08,El Refugio,Mediano,120,25840.0,93,0.775
2025-06-08,Jurica,Chico,59,9525.0,40,0.678
2025-06-08,Jurica,Grande,39,10325.0,30,0.7692
2025-06-08,Jurica,Mediano,80,16770.0,50,0.625
2025-06-08,Juriquilla,Chico,94,15520.0,72,0.766
2025-06-08,Juriquilla,Grande,60,15625.0,39,0.65
2025-06-08,Juriquilla,Mediano,143,30460.0,102,0.7133
2025-06-09,Campanario,Chico,96,15630.0,69,0.7188
2025-06-09,Campanario,Grande,70,18410.0,50,0.7143
2025-06-09,Campanario,Mediano,190,41090.0,152,0.8
2025-06-09,Centro Sur,Chico,68,11285.0,54,0.7941
2025-06-09,Centro Sur,Grande,49,12845.0,34,0.6939
2025-06-09,Centro Sur,Mediano,120,25500.0,84,0.7
2025-06-09,El Refugio,Chico,81,13040.0,54,0.6667
2025-06-09,El Refugio,Grande,59,15685.0,47,0.7966
2025-06-09,El Refugio,Mediano,146,31365.0,111,0.7603
2025-06-09,Jurica,Chico,60,9930.0,47,0.7833
2025-06-09,Jurica,Grande,37,9630.0,24,0.6486
2025-06-09,Jurica,Mediano,106,22595.0,76,0.717
2025-06-09,Juriquilla,Chico,112,18260.0,81,0.7232
2025-06-09,Juriquilla,Grande,64,17005.0,50,0.7812
2025-06-09,Juriquilla,Mediano,201,43035.0,150,0.7463
2025-06-10,Campanario,Chico,96,15845.0,74,0.7708
2025-06-10,Campanario,Grande,67,17775.0,52,0.7761
2025-06-10,Campanario,Mediano,182,38640.0,127,0.6978
2025-06-10,Centro Sur,Chico,53,8595.0,37,0.6981
2025-06-10,Centro Sur,Grande,48,12685.0,36,0.75
2025-06-10,Centro Sur,Mediano,100,21240.0,70,0.7
2025-06-10,El Refugio,Chico,84,13965.0,67,0.7976
2025-06-10,El Refugio,Grande,66,17275.0,46,0.697
2025-06-10,El Refugio,Mediano,155,33070.0,113,0.729
2025-06-10,Jurica,Chico,64,10560.0,49,0.7656
2025-06-10,Jurica,Grande,36,9515.0,27,0.75
2025-06-10,Jurica,Mediano,102,21845.0,76,0.7451
2025-06-10,Juriquilla,Chico,127,20875.0,96,0.7559
2025-06-10,Juriquilla,Grande,71,18755.0,53,0.7465
2025-06-10,Juriquilla,Mediano,171,36770.0,132,0.7719
2025-06-11,Campanario,Chico,126,20290.0,84,0.6667
2025-06-11,Campanario,Grande,95,25340.0,77,0.8105
2025-06-11,Campanario,Mediano,182,38945.0,136,0.7473
2025-06-11,Centro Sur,Chico,61,10080.0,47,0.7705
2025-06-11,Centro Sur,Grande,39,10165.0,26,0.6667
2025-06-11,Centro Sur,Mediano,98,20750.0,67,0.6837
2025-06-11,El Refugio,Chico,104,16845.0,72,0.6923
2025-06-11,El Refugio,Grande,50,13235.0,38,0.76
2025-06-11,El Refugio,Mediano,170,36270.0,124,0.7294
2025-06-11,Jurica,Chico,67,10685.0,42,0.6269
2025-06-11,Jurica,Grande,47,12275.0,32,0.6809
2025-06-11,Jurica,Mediano,99,21385.0,78,0.7879
2025-06-11,Juriquilla,Chico,116,18825.0,82,0.7069
2025-06-11,Juriquilla,Grande,62,16375.0,46,0.7419
2025-06-11,Juriquilla,Mediano,173,37050.0,129,0.7457
2025-06-12,Campanario,Chico,92,14920.0,65,0.7065
2025-06-12,Campanario,Grande,87,23015.0,66,0.7586
2025-06-12,Campanario,Mediano,195,41490.0,139,0.7128
2025-06-12,Centro Sur,Chico,66,10725.0,46,0.697
2025-06-12,Centro Sur,Grande,37,9775.0,28,0.7568
2025-06-12,Centro Sur,Mediano,96,20770.0,76,0.7917
2025-06-12,El Refugio,Chico,88,14665.0,71,0.8068
2025-06-12,El Refugio,Grande,53,13805.0,35,0.6604
2025-06-12,El Refugio,Mediano,137,29325.0,101,0.7372
2025-06-12,Jurica,Chico,68,11185.0,51,0.75
2025-06-12,Jurica,Grande,53,14080.0,42,0.7925
2025-06-12,Jurica,Mediano,114,24490.0,88,0.7719
2025-06-12,Juriquilla,Chico,111,18210.0,82,0.7387
2025-06-12,Juriquilla,Grande,79,20935.0,62,0.7848
2025-06-12,Juriquilla,Mediano,194,41910.0,154,0.7938
2025-06-13,Campanario,Chico,90,14855.0,69,0.7667
2025-06-13,Campanario,Grande,61,16010.0,43,0.7049
2025-06-13,Campanario,Mediano,157,33370.0,111,0.707
2025-06-13,Centro Sur,Chico,55,9320.0,48,0.8727
2025-06-13,Centro Sur,Grande,31,8135.0,22,0.7097
2025-06-13,Centro Sur,Mediano,97,20955.0,77,0.7938
2025-06-13,El Refugio,Chico,74,12370.0,61,0.8243
2025-06-13,El Refugio,Grande,53,14065.0,41,0.7736
2025-06-13,El Refugio,Mediano,115,24970.0,95,0.8261
2025-06-13,Jurica,Chico,65,10680.0,49,0.7538
2025-06-13,Jurica,Grande,51,13755.0,45,0.8824
2025-06-13,Jurica,Mediano,99,21420.0,79,0.798
2025-06-13,Juriquilla,Chico,87,14330.0,66,0.7586
2025-06-13,Juriquilla,Grande,65,17085.0,46,0.7077
2025-06-13,Juriquilla,Mediano,160,34310.0,121,0.7562
2025-06-14,Campanario,Chico,103,17055.0,81,0.7864
2025-06-14,Campanario,Grande,78,20740.0,62,0.7949
2025-06-14,Campanario,Mediano,174,37190.0,128,0.7356
2025-06-14,Centro Sur,Chico,50,8435.0,43,0.86
2025-06-14,Centro Sur,Grande,48,12775.0,39,0.8125
2025-06-14,Centro Sur,Mediano,79,16880.0,58,0.7342
2025-06-14,El Refugio,Chico,79,13050.0,62,0.7848
2025-06-14,El Refugio,Grande,41,10755.0,29,0.7073
2025-06-14,El Refugio,Mediano,112,24200.0,89,0.7946
2025-06-14,Jurica,Chico,57,9145.0,37,0.6491
2025-06-14,Jurica,Grande,34,9050.0,27,0.7941
2025-06-14,Jurica,Mediano,88,18865.0,67,0.7614
2025-06-14,Juriquilla,Chico,96,15930.0,76,0.7917
2025-06-14,Juriquilla,Grande,59,15540.0,43,0.7288
2025-06-14,Juriquilla,Mediano,167,35680.0,122,0.7305
2025-06-15,Campanario,Chico,90,14890.0,70,0.7778
2025-06-15,Campanario,Grande,54,14250.0,40,0.7407
2025-06-15,Campanario,Mediano,162,34700.0,121,0.7469
2025-06-15,Centro Sur,Chico,48,7815.0,34,0.7083
2025-06-15,Centro Sur,Grande,27,7220.0,22,0.8148
2025-06-15,Centro Sur,Mediano,105,22455.0,78,0.7429
2025-06-15,El Refugio,Chico,84,13885.0,66,0.7857
2025-06-15,El Refugio,Grande,37,9770.0,28,0.7568
2025-06-15,El Refugio,Mediano,137,29395.0,104,0.7591
2025-06-15,Jurica,Chico,55,8970.0,40,0.7273
2025-06-15,Jurica,Grande,40,10450.0,27,0.675
2025-06-15,Jurica,Mediano,85,18430.0,69,0.8118
2025-06-15,Juriquilla,Chico,105,17425.0,84,0.8
2025-06-15,Juriquilla,Grande,65,17190.0,49,0.7538
2025-06-15,Juriquilla,Mediano,159,33940.0,116,0.7296
2025-06-16,Campanario,Chico,119,19370.0,84,0.7059
2025-06-16,Campanario,Grande,74,19440.0,52,0.7027
2025-06-16,Campanario,Mediano,151,32110.0,107,0.7086
2025-06-16,Centro Sur,Chico,65,10855.0,54,0.8308
2025-06-16,Centro Sur,Grande,35,9220.0,25,0.7143
2025-06-16,Centro Sur,Mediano,101,21375.0,69,0.6832
2025-06-16,El Refugio,Chico,79,13065.0,62,0.7848
2025-06-16,El Refugio,Grande,55,14735.0,46,0.8364
2025-06-16,El Refugio,Mediano,158,33875.0,119,0.7532
2025-06-16,Jurica,Chico,59,9805.0,47,0.7966
2025-06-16,Jurica,Grande,53,14125.0,44,0.8302
2025-06-16,Jurica,Mediano,126,26845.0,91,0.7222
2025-06-16,Juriquilla,Chico,127,21020.0,100,0.7874
2025-06-16,Juriquilla,Grande,71,18805.0,54,0.7606
2025-06-16,Juriquilla,Mediano,181,38755.0,135,0.7459
2025-06-17,Campanario,Chico,106,17485.0,81,0.7642
2025-06-17,Campanario,Grande,86,22735.0,64,0.7442
2025-06-17,Campanario,Mediano,180,38810.0,142,0.7889
2025-06-17,Centro Sur,Chico,76,12255.0,51,0.6711
2025-06-17,Centro Sur,Grande,38,10015.0,28,0.7368
2025-06-17,Centro Sur,Mediano,89,19055.0,66,0.7416
2025-06-17,El Refugio,Chico,89,14485.0,64,0.7191
2025-06-17,El Refugio,Grande,51,13690.0,44,0.8627
2025-06-17,El Refugio,Mediano,151,32625.0,120,0.7947
2025-06-17,Jurica,Chico,70,11655.0,57,0.8143
2025-06-17,Jurica,Grande,47,12570.0,39,0.8298
2025-06-17,Jurica,Mediano,116,24835.0,86,0.7414
2025-06-17,Juriquilla,Chico,101,16380.0,70,0.6931
2025-06-17,Juriquilla,Grande,69,18070.0,48,0.6957
2025-06-17,Juriquilla,Mediano,187,40000.0,138,0.738
2025-06-18,Campanario,Chico,103,16865.0,76,0.7379
2025-06-18,Campanario,Grande,65,17360.0,53,0.8154
2025-06-18,Campanario,Mediano,197,42480.0,155,0.7868
2025-06-18,Centro Sur,Chico,52,8660.0,42,0.8077
2025-06-18,Centro Sur,Grande,47,12550.0,39,0.8298
2025-06-18,Centro Sur,Mediano,114,24610.0,91,0.7982
2025-06-18,El Refugio,Chico,96,15635.0,69,0.7188
2025-06-18,El Refugio,Grande,59,15615.0,45,0.7627
2025-06-18,El Refugio,Mediano,134,28820.0,103,0.7687
2025-06-18,Jurica,Chico,50,8235.0,39,0.78
2025-06-18,Jurica,Grande,51,13615.0,42,0.8235
2025-06-18,Jurica,Mediano,105,22290.0,74,0.7048
2025-06-18,Juriquilla,Chico,97,15895.0,72,0.7423
2025-06-18,Juriquilla,Grande,95,25060.0,70,0.7368
2025-06-18,Juriquilla,Mediano,191,40930.0,143,0.7487
2025-06-19,Campanario,Chico,102,16845.0,79,0.7745
2025-06-19,Campanario,Grande,66,17345.0,47,0.7121
2025-06-19,Campanario,Mediano,184,39610.0,143,0.7772
2025-06-19,Centro Sur,Chico,52,8525.0,39,0.75
2025-06-19,Centro Sur,Grande,44,11575.0,32,0.7273
2025-06-19,Centro Sur,Mediano,94,20160.0,71,0.7553
2025-06-19,El Refugio,Chico,104,16930.0,74,0.7115
2025-06-19,El Refugio,Grande,45,11860.0,33,0.7333
2025-06-19,El Refugio,Mediano,155,33285.0,118,0.7613
2025-06-19,Jurica,Chico,55,8980.0,40,0.7273
2025-06-19,Jurica,Grande,55,14480.0,40,0.7273
2025-06-19,Jurica,Mediano,118,25110.0,85,0.7203
2025-06-19,Juriquilla,Chico,118,19490.0,92,0.7797
2025-06-19,Juriquilla,Grande,81,21330.0,59,0.7284
2025-06-19,Juriquilla,Mediano,185,39850.0,145,0.7838
2025-06-20,Campanario,Chico,93,15320.0,71,0.7634
2025-06-20,Campanario,Grande,57,15075.0,43,0.7544
2025-06-20,Campanario,Mediano,176,37450.0,125,0.7102
2025-06-20,Centro Sur,Chico,53,8570.0,36,0.6792
2025-06-20,Centro Sur,Grande,48,12490.0,31,0.6458
2025-06-20,Centro Sur,Mediano,89,19145.0,69,0.7753
2025-06-20,El Refugio,Chico,68,11040.0,47,0.6912
2025-06-20,El Refugio,Grande,48,12610.0,34,0.7083
2025-06-20,El Refugio,Mediano,131,27855.0,93,0.7099
2025-06-20,Jurica,Chico,41,6570.0,26,0.6341
2025-06-20,Jurica,Grande,30,7785.0,19,0.6333
2025-06-20,Jurica,Mediano,85,18205.0,64,0.7529
2025-06-20,Juriquilla,Chico,88,14360.0,64,0.7273
2025-06-20,Juriquilla,Grande,69,18090.0,48,0.6957
2025-06-20,Juriquilla,Mediano,153,32905.0,118,0.7712
2025-06-21,Campanario,Chico,82,13355.0,59,0.7195
2025-06-21,Campanario,Grande,58,15335.0,44,0.7586
2025-06-21,Campanario,Mediano,172,36620.0,123,0.7151
2025-06-21,Centro Sur,Chico,66,10580.0,43,0.6515
2025-06-21,Centro Sur,Grande,37,9785.0,28,0.7568
2025-06-21,Centro Sur,Mediano,104,22370.0,81,0.7788
2025-06-21,El Refugio,Chico,77,12640.0,58,0.7532
2025-06-21,El Refugio,Grande,43,11355.0,32,0.7442
2025-06-21,El Refugio,Mediano,150,31735.0,102,0.68
2025-06-21,Jurica,Chico,57,9305.0,42,0.7368
2025-06-21,Jurica,Grande,43,11290.0,30,0.6977
2025-06-21,Jurica,Mediano,79,16955.0,60,0.7595
2025-06-21,Juriquilla,Chico,96,15675.0,69,0.7188
2025-06-21,Juriquilla,Grande,57,15225.0,47,0.8246
2025-06-21,Juriquilla,Mediano,131,28055.0,98,0.7481
2025-06-22,Campanario,Chico,102,16595.0,73,0.7157
2025-06-22,Campanario,Grande,73,19305.0,55,0.7534
2025-06-22,Campanario,Mediano,143,30980.0,116,0.8112
2025-06-22,Centro Sur,Chico,59,9560.0,41,0.6949
2025-06-22,Centro Sur,Grande,40,10545.0,29,0.725
2025-06-22,Centro Sur,Mediano,90,19055.0,62,0.6889
2025-06-22,El Refugio,Chico,69,11255.0,50,0.7246
2025-06-22,El Refugio,Grande,53,14135.0,43,0.8113
2025-06-22,El Refugio,Mediano,125,26925.0,98,0.784
2025-06-22,Jurica,Chico,48,7965.0,38,0.7917
2025-06-22,Jurica,Grande,33,8610.0,22,0.6667
2025-06-22,Jurica,Mediano,88,18780.0,64,0.7273
2025-06-22,Juriquilla,Chico,100,16645.0,81,0.81
2025-06-22,Juriquilla,Grande,65,17110.0,47,0.7231
2025-06-22,Juriquilla,Mediano,143,31050.0,118,0.8252
2025-06-23,Campanario,Chico,105,17310.0,80,0.7619
2025-06-23,Campanario,Grande,65,17260.0,51,0.7846
2025-06-23,Campanario,Mediano,189,40600.0,144,0.7619
2025-06-23,Centro Sur,Chico,57,9385.0,43,0.7544
2025-06-23,Centro Sur,Grande,54,14145.0,37,0.6852
2025-06-23,Centro Sur,Mediano,104,22310.0,79,0.7596
2025-06-23,El Refugio,Chico,84,13880.0,65,0.7738
2025-06-23,El Refugio,Grande,54,14365.0,43,0.7963
2025-06-23,El Refugio,Mediano,150,32045.0,110,0.7333
2025-06-23,Jurica,Chico,57,9340.0,42,0.7368
2025-06-23,Jurica,Grande,36,9430.0,25,0.6944
2025-06-23,Jurica,Mediano,118,25140.0,85,0.7203
2025-06-23,Juriquilla,Chico,118,19095.0,81,0.6864
2025-06-23,Juriquilla,Grande,71,18825.0,56,0.7887
2025-06-23,Juriquilla,Mediano,202,42975.0,144,0.7129
2025-06-24,Campanario,Chico,97,15985.0,74,0.7629
2025-06-24,Campanario,Grande,73,19195.0,52,0.7123
2025-06-24,Campanario,Mediano,191,41105.0,149,0.7801
2025-06-24,Centro Sur,Chico,71,11620.0,52,0.7324
2025-06-24,Centro Sur,Grande,48,12440.0,30,0.625
2025-06-24,Centro Sur,Mediano,108,23255.0,84,0.7778
2025-06-24,El Refugio,Chico,76,12455.0,57,0.75
2025-06-24,El Refugio,Grande,53,14035.0,41,0.7736
2025-06-24,El Refugio,Mediano,125,26970.0,99,0.792
2025-06-24,Jurica,Chico,64,10535.0,49,0.7656
2025-06-24,Jurica,Grande,37,10015.0,34,0.9189
2025-06-24,Jurica,Mediano,89,18770.0,59,0.6629
2025-06-24,Juriquilla,Chico,101,16690.0,78,0.7723
2025-06-24,Juriquilla,Grande,73,19275.0,54,0.7397
2025-06-24,Juriquilla,Mediano,202,43285.0,152,0.7525
2025-06-25,Campanario,Chico,96,15820.0,73,0.7604
2025-06-25,Campanario,Grande,95,25270.0,76,0.8
2025-06-25,Campanario,Mediano,191,40860.0,141,0.7382
2025-06-25,Centro Sur,Chico,64,10215.0,41,0.6406
2025-06-25,Centro Sur,Grande,48,12690.0,36,0.75
2025-06-25,Centro Sur,Mediano,105,22480.0,78,0.7429
2025-06-25,El Refugio,Chico,97,15835.0,71,0.732
2025-06-25,El Refugio,Grande,70,18430.0,51,0.7286
2025-06-25,El Refugio,Mediano,138,29800.0,110,0.7971
2025-06-25,Jurica,Chico,70,11205.0,46,0.6571
2025-06-25,Jurica,Grande,50,13270.0,39,0.78
2025-06-25,Jurica,Mediano,97,20895.0,76,0.7835
2025-06-25,Juriquilla,Chico,93,15460.0,74,0.7957
2025-06-25,Juriquilla,Grande,75,19760.0,55,0.7333
2025-06-25,Juriquilla,Mediano,187,39865.0,136,0.7273
2025-06-26,Campanario,Chico,106,17460.0,81,0.7642
2025-06-26,Campanario,Grande,77,20265.0,56,0.7273
2025-06-26,Campanario,Mediano,189,40215.0,135,0.7143
2025-06-26,Centro Sur,Chico,72,11855.0,55,0.7639
2025-06-26,Centro Sur,Grande,44,11770.0,37,0.8409
2025-06-26,Centro Sur,Mediano,121,26025.0,93,0.7686
2025-06-26,El Refugio,Chico,81,13375.0,62,0.7654
2025-06-26,El Refugio,Grande,52,13760.0,39,0.75
2025-06-26,El Refugio,Mediano,141,30115.0,103,0.7305
2025-06-26,Jurica,Chico,72,11745.0,52,0.7222
2025-06-26,Jurica,Grande,44,11630.0,33,0.75
2025-06-26,Jurica,Mediano,124,26820.0,99,0.7984
2025-06-26,Juriquilla,Chico,98,15910.0,69,0.7041
2025-06-26,Juriquilla,Grande,75,19860.0,57,0.76
2025-06-26,Juriquilla,Mediano,183,39290.0,140,0.765
2025-06-27,Campanario,Chico,75,12160.0,52,0.6933
2025-06-27,Campanario,Grande,72,19235.0,59,0.8194
2025-06-27,Campanario,Mediano,163,35230.0,130,0.7975
2025-06-27,Centro Sur,Chico,55,9140.0,44,0.8
2025-06-27,Centro Sur,Grande,26,6890.0,20,0.7692
2025-06-27,Centro Sur,Mediano,98,21100.0,76,0.7755
2025-06-27,El Refugio,Chico,82,13170.0,54,0.6585
2025-06-27,El Refugio,Grande,52,13630.0,36,0.6923
2025-06-27,El Refugio,Mediano,121,26100.0,95,0.7851
2025-06-27,Jurica,Chico,49,7990.0,35,0.7143
2025-06-27,Jurica,Grande,32,8485.0,25,0.7812
2025-06-27,Jurica,Mediano,79,16950.0,59,0.7468
2025-06-27,Juriquilla,Chico,105,17250.0,78,0.7429
2025-06-27,Juriquilla,Grande,59,15540.0,43,0.7288
2025-06-27,Juriquilla,Mediano,171,36325.0,120,0.7018
2025-06-28,Campanario,Chico,106,17105.0,72,0.6792
2025-06-28,Campanario,Grande,54,14290.0,41,0.7593
2025-06-28,Campanario,Mediano,162,34790.0,123,0.7593
2025-06-28,Centro Sur,Chico,58,9460.0,42,0.7241
2025-06-28,Centro Sur,Grande,30,7870.0,21,0.7
2025-06-28,Centro Sur,Mediano,97,20950.0,77,0.7938
2025-06-28,El Refugio,Chico,85,13810.0,60,0.7059
2025-06-28,El Refugio,Grande,47,12410.0,35,0.7447
2025-06-28,El Refugio,Mediano,118,25130.0,85,0.7203
2025-06-28,Jurica,Chico,50,8265.0,39,0.78
2025-06-28,Jurica,Grande,37,9555.0,22,0.5946
2025-06-28,Jurica,Mediano,93,19795.0,67,0.7204
2025-06-28,Juriquilla,Chico,85,13785.0,59,0.6941
2025-06-28,Juriquilla,Grande,57,15230.0,47,0.8246
2025-06-28,Juriquilla,Mediano,150,32140.0,113,0.7533
2025-06-29,Campanario,Chico,90,14920.0,71,0.7889
2025-06-29,Campanario,Grande,49,12760.0,32,0.6531
2025-06-29,Campanario,Mediano,175,37450.0,130,0.7429
2025-06-29,Centro Sur,Chico,64,10625.0,51,0.7969
2025-06-29,Centro Sur,Grande,43,11235.0,29,0.6744
2025-06-29,Centro Sur,Mediano,99,21245.0,75,0.7576
2025-06-29,El Refugio,Chico,66,10820.0,49,0.7424
2025-06-29,El Refugio,Grande,59,15365.0,38,0.6441
2025-06-29,El Refugio,Mediano,145,31435.0,118,0.8138
2025-06-29,Jurica,Chico,57,9455.0,45,0.7895
2025-06-29,Jurica,Grande,38,10245.0,34,0.8947
2025-06-29,Jurica,Mediano,94,20170.0,71,0.7553
2025-06-29,Juriquilla,Chico,116,18925.0,84,0.7241
2025-06-29,Juriquilla,Grande,71,18900.0,57,0.8028
2025-06-29,Juriquilla,Mediano,137,29310.0,102,0.7445
2025-06-30,Campanario,Chico,105,17410.0,83,0.7905
2025-06-30,Campanario,Grande,70,18705.0,58,0.8286
2025-06-30,Campanario,Mediano,210,45120.0,161,0.7667
2025-06-30,Centro Sur,Chico,81,13180.0,57,0.7037
2025-06-30,Centro Sur,Grande,32,8485.0,25,0.7812
2025-06-30,Centro Sur,Mediano,100,21270.0,71,0.71
2025-06-30,El Refugio,Chico,85,13995.0,65,0.7647
2025-06-30,El Refugio,Grande,60,15825.0,44,0.7333
2025-06-30,El Refugio,Mediano,141,30370.0,110,0.7801
2025-06-30,Jurica,Chico,69,11400.0,53,0.7681
2025-06-30,Jurica,Grande,44,11770.0,37,0.8409
2025-06-30,Jurica,Mediano,110,23735.0,87,0.7909
2025-06-30,Juriquilla,Chico,120,19810.0,93,0.775
2025-06-30,Juriquilla,Grande,81,21535.0,64,0.7901
2025-06-30,Juriquilla,Mediano,158,33895.0,120,0.7595
2025-07-01,Campanario,Chico,122,19830.0,86,0.7049
2025-07-01,Campanario,Grande,77,20570.0,64,0.8312
2025-07-01,Campanario,Mediano,192,41320.0,148,0.7708
2025-07-01,Centro Sur,Chico,68,11180.0,51,0.75
2025-07-01,Centro Sur,Grande,38,10205.0,33,0.8684
2025-07-01,Centro Sur,Mediano,120,25755.0,91,0.7583
2025-07-01,El Refugio,Chico,75,12330.0,57,0.76
2025-07-01,El Refugio,Grande,71,18785.0,54,0.7606
2025-07-01,El Refugio,Mediano,149,32060.0,115,0.7718
2025-07-01,Jurica,Chico,71,11875.0,59,0.831
2025-07-01,Jurica,Grande,34,8950.0,25,0.7353
2025-07-01,Jurica,Mediano,111,23580.0,78,0.7027
2025-07-01,Juriquilla,Chico,101,16690.0,78,0.7723
2025-07-01,Juriquilla,Grande,87,22955.0,64,0.7356
2025-07-01,Juriquilla,Mediano,182,38800.0,131,0.7198
2025-07-02,Campanario,Chico,105,17455.0,84,0.8
2025-07-02,Campanario,Grande,69,18365.0,55,0.7971
2025-07-02,Campanario,Mediano,187,40110.0,141,0.754
2025-07-02,Centro Sur,Chico,71,11660.0,53,0.7465
2025-07-02,Centro Sur,Grande,40,10605.0,31,0.775
2025-07-02,Centro Sur,Mediano,109,23400.0,83,0.7615
2025-07-02,El Refugio,Chico,93,15175.0,67,0.7204
2025-07-02,El Refugio,Grande,52,13845.0,42,0.8077
2025-07-02,El Refugio,Mediano,158,34025.0,123,0.7785
2025-07-02,Jurica,Chico,49,7955.0,34,0.6939
2025-07-02,Jurica,Grande,40,10590.0,31,0.775
2025-07-02,Jurica,Mediano,115,24435.0,81,0.7043
2025-07-02,Juriquilla,Chico,133,21885.0,101,0.7594
2025-07-02,Juriquilla,Grande,64,16830.0,46,0.7188
2025-07-02,Juriquilla,Mediano,181,39175.0,146,0.8066
2025-07-03,Campanario,Chico,103,16850.0,76,0.7379
2025-07-03,Campanario,Grande,61,16080.0,45,0.7377
2025-07-03,Campanario,Mediano,163,34845.0,120,0.7362
2025-07-03,Centro Sur,Chico,51,8325.0,37,0.7255
2025-07-03,Centro Sur,Grande,45,11815.0,32,0.7111
2025-07-03,Centro Sur,Mediano,130,27810.0,96,0.7385
2025-07-03,El Refugio,Chico,85,14160.0,69,0.8118
2025-07-03,El Refugio,Grande,60,16055.0,50,0.8333
2025-07-03,El Refugio,Mediano,146,31465.0,115,0.7877
2025-07-03,Jurica,Chico,65,10855.0,53,0.8154
2025-07-03,Jurica,Grande,60,15785.0,44,0.7333
2025-07-03,Jurica,Mediano,102,21915.0,78,0.7647
2025-07-03,Juriquilla,Chico,117,19280.0,89,0.7607
2025-07-03,Juriquilla,Grande,93,24385.0,65,0.6989
2025-07-03,Juriquilla,Mediano,179,38420.0,135,0.7542
2025-07-04,Campanario,Chico,85,13965.0,64,0.7529
2025-07-04,Campanario,Grande,67,17505.0,45,0.6716
2025-07-04,Campanario,Mediano,168,36025.0,127,0.756
2025-07-04,Centro Sur,Chico,59,9435.0,38,0.6441
2025-07-04,Centro Sur,Grande,36,9480.0,26,0.7222
2025-07-04,Centro Sur,Mediano,104,22265.0,78,0.75
2025-07-04,El Refugio,Chico,66,10705.0,46,0.697
2025-07-04,El Refugio,Grande,43,11360.0,32,0.7442
2025-07-04,El Refugio,Mediano,128,27415.0,95,0.7422
2025-07-04,Jurica,Chico,58,9515.0,43,0.7414
2025-07-04,Jurica,Grande,40,10530.0,29,0.725
2025-07-04,Jurica,Mediano,91,19530.0,69,0.7582
2025-07-04,Juriquilla,Chico,98,16070.0,72,0.7347
2025-07-04,Juriquilla,Grande,61,16100.0,45,0.7377
2025-07-04,Juriquilla,Mediano,154,32890.0,112,0.7273
2025-07-05,Campanario,Chico,96,16050.0,79,0.8229
2025-07-05,Campanario,Grande,46,12265.0,37,0.8043
2025-07-05,Campanario,Mediano,131,27775.0,90,0.687
2025-07-05,Centro Sur,Chico,61,10110.0,48,0.7869
2025-07-05,Centro Sur,Grande,45,11785.0,31,0.6889
2025-07-05,Centro Sur,Mediano,95,20195.0,67,0.7053
2025-07-05,El Refugio,Chico,73,12165.0,59,0.8082
2025-07-05,El Refugio,Grande,49,12790.0,33,0.6735
2025-07-05,El Refugio,Mediano,135,28905.0,100,0.7407
2025-07-05,Jurica,Chico,54,8975.0,43,0.7963
2025-07-05,Jurica,Grande,40,10705.0,33,0.825
2025-07-05,Jurica,Mediano,80,17095.0,59,0.7375
2025-07-05,Juriquilla,Chico,102,16735.0,75,0.7353
2025-07-05,Juriquilla,Grande,54,14315.0,41,0.7593
2025-07-05,Juriquilla,Mediano,166,35740.0,130,0.7831
2025-07-06,Campanario,Chico,81,13030.0,54,0.6667
2025-07-06,Campanario,Grande,65,17100.0,47,0.7231
2025-07-06,Campanario,Mediano,132,28245.0,98,0.7424
2025-07-06,Centro Sur,Chico,29,4735.0,21,0.7241
2025-07-06,Centro Sur,Grande,31,8085.0,21,0.6774
2025-07-06,Centro Sur,Mediano,96,20345.0,67,0.6979
2025-07-06,El Refugio,Chico,74,12115.0,55,0.7432
2025-07-06,El Refugio,Grande,42,11105.0,32,0.7619
2025-07-06,El Refugio,Mediano,138,29450.0,101,0.7319
2025-07-06,Jurica,Chico,73,12105.0,57,0.7808
2025-07-06,Jurica,Grande,32,8455.0,24,0.75
2025-07-06,Jurica,Mediano,89,19105.0,68,0.764
2025-07-06,Juriquilla,Chico,93,15240.0,69,0.7419
2025-07-06,Juriquilla,Grande,61,16115.0,45,0.7377
2025-07-06,Juriquilla,Mediano,164,34980.0,119,0.7256
2025-07-07,Campanario,Chico,114,18415.0,78,0.6842
2025-07-07,Campanario,Grande,67,17610.0,48,0.7164
2025-07-07,Campanario,Mediano,177,37700.0,127,0.7175
2025-07-07,Centro Sur,Chico,64,10410.0,45,0.7031
2025-07-07,Centro Sur,Grande,48,12765.0,38,0.7917
2025-07-07,Centro Sur,Mediano,116,25080.0,92,0.7931
2025-07-07,El Refugio,Chico,85,13870.0,61,0.7176
2025-07-07,El Refugio,Grande,65,17355.0,53,0.8154
2025-07-07,El Refugio,Mediano,149,31860.0,110,0.7383
2025-07-07,Jurica,Chico,59,9765.0,46,0.7797
2025-07-07,Jurica,Grande,44,11790.0,37,0.8409
2025-07-07,Jurica,Mediano,102,21960.0,79,0.7745
2025-07-07,Juriquilla,Chico,123,19855.0,83,0.6748
2025-07-07,Juriquilla,Grande,73,19105.0,50,0.6849
2025-07-07,Juriquilla,Mediano,189,40415.0,141,0.746
2025-07-08,Campanario,Chico,104,17055.0,77,0.7404
2025-07-08,Campanario,Grande,85,22355.0,61,0.7176
2025-07-08,Campanario,Mediano,192,41450.0,152,0.7917
2025-07-08,Centro Sur,Chico,54,8815.0,39,0.7222
2025-07-08,Centro Sur,Grande,41,10620.0,25,0.6098
2025-07-08,Centro Sur,Mediano,124,26435.0,90,0.7258
2025-07-08,El Refugio,Chico,93,15350.0,72,0.7742
2025-07-08,El Refugio,Grande,49,12950.0,37,0.7551
2025-07-08,El Refugio,Mediano,118,24885.0,79,0.6695
2025-07-08,Jurica,Chico,56,9445.0,48,0.8571
2025-07-08,Jurica,Grande,42,11150.0,33,0.7857
2025-07-08,Jurica,Mediano,107,22705.0,75,0.7009
2025-07-08,Juriquilla,Chico,109,17830.0,80,0.7339
2025-07-08,Juriquilla,Grande,69,18390.0,56,0.8116
2025-07-08,Juriquilla,Mediano,177,37805.0,130,0.7345
2025-07-09,Campanario,Chico,105,17480.0,85,0.8095
2025-07-09,Campanario,Grande,79,20860.0,59,0.7468
2025-07-09,Campanario,Mediano,184,38870.0,124,0.6739
2025-07-09,Centro Sur,Chico,46,7610.0,36,0.7826
2025-07-09,Centro Sur,Grande,33,8720.0,25,0.7576
2025-07-09,Centro Sur,Mediano,112,23865.0,80,0.7143
2025-07-09,El Refugio,Chico,86,13985.0,61,0.7093
2025-07-09,El Refugio,Grande,60,15785.0,43,0.7167
2025-07-09,El Refugio,Mediano,153,32665.0,111,0.7255
2025-07-09,Jurica,Chico,58,9675.0,47,0.8103
2025-07-09,Jurica,Grande,36,9585.0,29,0.8056
2025-07-09,Jurica,Mediano,109,23310.0,81,0.7431
2025-07-09,Juriquilla,Chico,105,17125.0,77,0.7333
2025-07-09,Juriquilla,Grande,77,20185.0,53,0.6883
2025-07-09,Juriquilla,Mediano,178,37820.0,126,0.7079
2025-07-10,Campanario,Chico,111,18340.0,86,0.7748
2025-07-10,Campanario,Grande,75,20035.0,62,0.8267
2025-07-10,Campanario,Mediano,177,37780.0,129,0.7288
2025-07-10,Centro Sur,Chico,72,11780.0,52,0.7222
2025-07-10,Centro Sur,Grande,58,15335.0,44,0.7586
2025-07-10,Centro Sur,Mediano,104,22470.0,83,0.7981
2025-07-10,El Refugio,Chico,96,15795.0,73,0.7604
2025-07-10,El Refugio,Grande,52,13825.0,41,0.7885
2025-07-10,El Refugio,Mediano,141,29960.0,98,0.695
2025-07-10,Jurica,Chico,56,9365.0,47,0.8393
2025-07-10,Jurica,Grande,46,12025.0,32,0.6957
2025-07-10,Jurica,Mediano,118,25680.0,98,0.8305
2025-07-10,Juriquilla,Chico,109,17755.0,78,0.7156
2025-07-10,Juriquilla,Grande,94,25150.0,78,0.8298
2025-07-10,Juriquilla,Mediano,209,44620.0,153,0.7321
2025-07-11,Campanario,Chico,88,14585.0,69,0.7841
2025-07-11,Campanario,Grande,67,17790.0,52,0.7761
2025-07-11,Campanario,Mediano,136,29325.0,108,0.7941
2025-07-11,Centro Sur,Chico,68,11220.0,52,0.7647
2025-07-11,Centro Sur,Grande,38,10115.0,30,0.7895
2025-07-11,Centro Sur,Mediano,91,19240.0,62,0.6813
2025-07-11,El Refugio,Chico,77,12745.0,60,0.7792
2025-07-11,El Refugio,Grande,54,14270.0,40,0.7407
2025-07-11,El Refugio,Mediano,138,29755.0,109,0.7899
2025-07-11,Jurica,Chico,61,9990.0,46,0.7541
2025-07-11,Jurica,Grande,36,9675.0,31,0.8611
2025-07-11,Jurica,Mediano,88,18855.0,66,0.75
2025-07-11,Juriquilla,Chico,92,14965.0,65,0.7065
2025-07-11,Juriquilla,Grande,68,17900.0,50,0.7353
2025-07-11,Juriquilla,Mediano,154,32715.0,108,0.7013
2025-07-12,Campanario,Chico,106,17340.0,77,0.7264
2025-07-12,Campanario,Grande,66,17275.0,45,0.6818
2025-07-12,Campanario,Mediano,150,31925.0,107,0.7133
2025-07-12,Centro Sur,Chico,56,9165.0,41,0.7321
2025-07-12,Centro Sur,Grande,30,7945.0,23,0.7667
2025-07-12,Centro Sur,Mediano,96,20750.0,76,0.7917
2025-07-12,El Refugio,Chico,72,12120.0,62,0.8611
2025-07-12,El Refugio,Grande,64,17065.0,52,0.8125
2025-07-12,El Refugio,Mediano,119,25445.0,88,0.7395
2025-07-12,Jurica,Chico,47,7510.0,30,0.6383
2025-07-12,Jurica,Grande,41,10960.0,34,0.8293
2025-07-12,Jurica,Mediano,83,17995.0,68,0.8193
2025-07-12,Juriquilla,Chico,103,17160.0,84,0.8155
2025-07-12,Juriquilla,Grande,52,13945.0,44,0.8462
2025-07-12,Juriquilla,Mediano,159,34440.0,128,0.805
2025-07-13,Campanario,Chico,90,14575.0,62,0.6889
2025-07-13,Campanario,Grande,73,19365.0,57,0.7808
2025-07-13,Campanario,Mediano,166,35380.0,119,0.7169
2025-07-13,Centro Sur,Chico,60,9885.0,46,0.7667
2025-07-13,Centro Sur,Grande,32,8465.0,24,0.75
2025-07-13,Centro Sur,Mediano,87,18665.0,66,0.7586
2025-07-13,El Refugio,Chico,71,11620.0,52,0.7324
2025-07-13,El Refugio,Grande,54,14425.0,44,0.8148
2025-07-13,El Refugio,Mediano,122,26065.0,90,0.7377
2025-07-13,Jurica,Chico,61,9960.0,44,0.7213
2025-07-13,Jurica,Grande,34,8935.0,24,0.7059
2025-07-13,Jurica,Mediano,91,19595.0,72,0.7912
2025-07-13,Juriquilla,Chico,83,13800.0,66,0.7952
2025-07-13,Juriquilla,Grande,57,15065.0,43,0.7544
2025-07-13,Juriquilla,Mediano,158,33415.0,107,0.6772
2025-07-14,Campanario,Chico,132,21470.0,94,0.7121
2025-07-14,Campanario,Grande,63,16795.0,51,0.8095
2025-07-14,Campanario,Mediano,188,40250.0,141,0.75
2025-07-14,Centro Sur,Chico,63,10450.0,50,0.7937
2025-07-14,Centro Sur,Grande,57,15030.0,42,0.7368
2025-07-14,Centro Sur,Mediano,102,21560.0,69,0.6765
2025-07-14,El Refugio,Chico,89,14700.0,69,0.7753
2025-07-14,El Refugio,Grande,61,16020.0,43,0.7049
2025-07-14,El Refugio,Mediano,138,29750.0,108,0.7826
2025-07-14,Jurica,Chico,69,11445.0,55,0.7971
2025-07-14,Jurica,Grande,38,9935.0,26,0.6842
2025-07-14,Jurica,Mediano,100,21140.0,68,0.68
2025-07-14,Juriquilla,Chico,112,18735.0,93,0.8304
2025-07-14,Juriquilla,Grande,55,14565.0,42,0.7636
2025-07-14,Juriquilla,Mediano,180,38330.0,129,0.7167
2025-07-15,Campanario,Chico,112,18230.0,80,0.7143
2025-07-15,Campanario,Grande,75,19895.0,58,0.7733
2025-07-15,Campanario,Mediano,156,33365.0,115,0.7372
2025-07-15,Centro Sur,Chico,69,11345.0,52,0.7536
2025-07-15,Centro Sur,Grande,39,10270.0,28,0.7179
2025-07-15,Centro Sur,Mediano,116,24885.0,88,0.7586
2025-07-15,El Refugio,Chico,91,15000.0,69,0.7582
2025-07-15,El Refugio,Grande,68,18155.0,56,0.8235
2025-07-15,El Refugio,Mediano,136,29685.0,116,0.8529
2025-07-15,Jurica,Chico,56,9320.0,45,0.8036
2025-07-15,Jurica,Grande,45,11790.0,31,0.6889
2025-07-15,Jurica,Mediano,112,24120.0,87,0.7768
2025-07-15,Juriquilla,Chico,93,15165.0,67,0.7204
2025-07-15,Juriquilla,Grande,68,17880.0,49,0.7206
2025-07-15,Juriquilla,Mediano,189,40155.0,134,0.709
2025-07-16,Campanario,Chico,98,16015.0,71,0.7245
2025-07-16,Campanario,Grande,71,18720.0,52,0.7324
2025-07-16,Campanario,Mediano,188,40255.0,140,0.7447
2025-07-16,Centro Sur,Chico,41,6755.0,32,0.7805
2025-07-16,Centro Sur,Grande,41,10690.0,27,0.6585
2025-07-16,Centro Sur,Mediano,99,21020.0,70,0.7071
2025-07-16,El Refugio,Chico,102,16640.0,73,0.7157
2025-07-16,El Refugio,Grande,45,11675.0,28,0.6222
2025-07-16,El Refugio,Mediano,157,33555.0,115,0.7325
2025-07-16,Jurica,Chico,52,8510.0,38,0.7308
2025-07-16,Jurica,Grande,40,10620.0,31,0.775
2025-07-16,Jurica,Mediano,115,24920.0,93,0.8087
2025-07-16,Juriquilla,Chico,87,14185.0,62,0.7126
2025-07-16,Juriquilla,Grande,65,17385.0,54,0.8308
2025-07-16,Juriquilla,Mediano,173,37255.0,134,0.7746
2025-07-17,Campanario,Chico,105,17030.0,74,0.7048
2025-07-17,Campanario,Grande,69,18390.0,56,0.8116
2025-07-17,Campanario,Mediano,193,41210.0,142,0.7358
2025-07-17,Centro Sur,Chico,61,10260.0,52,0.8525
2025-07-17,Centro Sur,Grande,50,13175.0,36,0.72
2025-07-17,Centro Sur,Mediano,115,24425.0,81,0.7043
2025-07-17,El Refugio,Chico,80,13370.0,66,0.825
2025-07-17,El Refugio,Grande,48,12485.0,31,0.6458
2025-07-17,El Refugio,Mediano,131,27955.0,95,0.7252
2025-07-17,Jurica,Chico,55,8910.0,38,0.6909
2025-07-17,Jurica,Grande,37,9865.0,30,0.8108
2025-07-17,Jurica,Mediano,89,18790.0,60,0.6742
2025-07-17,Juriquilla,Chico,113,18810.0,91,0.8053
2025-07-17,Juriquilla,Grande,74,19625.0,58,0.7838
2025-07-17,Juriquilla,Mediano,158,33750.0,116,0.7342
2025-07-18,Campanario,Chico,91,14935.0,68,0.7473
2025-07-18,Campanario,Grande,70,18430.0,51,0.7286
2025-07-18,Campanario,Mediano,164,35045.0,122,0.7439
2025-07-18,Centro Sur,Chico,51,8340.0,37,0.7255
2025-07-18,Centro Sur,Grande,29,7710.0,23,0.7931
2025-07-18,Centro Sur,Mediano,68,14730.0,55,0.8088
2025-07-18,El Refugio,Chico,69,11480.0,55,0.7971
2025-07-18,El Refugio,Grande,57,14960.0,40,0.7018
2025-07-18,El Refugio,Mediano,128,27185.0,90,0.7031
2025-07-18,Jurica,Chico,56,9355.0,46,0.8214
2025-07-18,Jurica,Grande,35,9145.0,24,0.6857
2025-07-18,Jurica,Mediano,90,19175.0,65,0.7222
2025-07-18,Juriquilla,Chico,81,13265.0,60,0.7407
2025-07-18,Juriquilla,Grande,65,16915.0,42,0.6462
2025-07-18,Juriquilla,Mediano,172,36785.0,127,0.7384
2025-07-19,Campanario,Chico,92,15070.0,68,0.7391
2025-07-19,Campanario,Grande,68,17745.0,45,0.6618
2025-07-19,Campanario,Mediano,146,31200.0,107,0.7329
2025-07-19,Centro Sur,Chico,69,11405.0,54,0.7826
2025-07-19,Centro Sur,Grande,47,12175.0,29,0.617
2025-07-19,Centro Sur,Mediano,94,20260.0,74,0.7872
2025-07-19,El Refugio,Chico,77,12625.0,57,0.7403
2025-07-19,El Refugio,Grande,53,13790.0,34,0.6415
2025-07-19,El Refugio,Mediano,124,26725.0,97,0.7823
2025-07-19,Jurica,Chico,60,9755.0,43,0.7167
2025-07-19,Jurica,Grande,41,10575.0,24,0.5854
2025-07-19,Jurica,Mediano,84,18120.0,66,0.7857
2025-07-19,Juriquilla,Chico,100,16435.0,75,0.75
2025-07-19,Juriquilla,Grande,64,16905.0,48,0.75
2025-07-19,Juriquilla,Mediano,175,37475.0,130,0.7429
2025-07-20,Campanario,Chico,86,14525.0,74,0.8605
2025-07-20,Campanario,Grande,62,16255.0,43,0.6935
2025-07-20,Campanario,Mediano,141,30200.0,106,0.7518
2025-07-20,Centro Sur,Chico,61,10160.0,49,0.8033
2025-07-20,Centro Sur,Grande,45,11855.0,33,0.7333
2025-07-20,Centro Sur,Mediano,117,25050.0,87,0.7436
2025-07-20,El Refugio,Chico,59,9775.0,46,0.7797
2025-07-20,El Refugio,Grande,65,17075.0,46,0.7077
2025-07-20,El Refugio,Mediano,130,28070.0,103,0.7923
2025-07-20,Jurica,Chico,44,7100.0,30,0.6818
2025-07-20,Jurica,Grande,47,12375.0,34,0.7234
2025-07-20,Jurica,Mediano,93,19855.0,68,0.7312
2025-07-20,Juriquilla,Chico,109,17930.0,83,0.7615
2025-07-20,Juriquilla,Grande,64,17000.0,50,0.7812
2025-07-20,Juriquilla,Mediano,153,32740.0,114,0.7451
2025-07-21,Campanario,Chico,103,17120.0,82,0.7961
2025-07-21,Campanario,Grande,57,15205.0,46,0.807
2025-07-21,Campanario,Mediano,166,35200.0,114,0.6867
2025-07-21,Centro Sur,Chico,64,10515.0,48,0.75
2025-07-21,Centro Sur,Grande,40,10790.0,35,0.875
2025-07-21,Centro Sur,Mediano,101,21630.0,76,0.7525
2025-07-21,El Refugio,Chico,85,14075.0,67,0.7882
2025-07-21,El Refugio,Grande,70,18620.0,55,0.7857
2025-07-21,El Refugio,Mediano,162,34695.0,122,0.7531
2025-07-21,Jurica,Chico,68,11280.0,53,0.7794
2025-07-21,Jurica,Grande,43,11280.0,30,0.6977
2025-07-21,Jurica,Mediano,95,20265.0,69,0.7263
2025-07-21,Juriquilla,Chico,100,16185.0,68,0.68
2025-07-21,Juriquilla,Grande,68,18100.0,54,0.7941
2025-07-21,Juriquilla,Mediano,208,44805.0,163,0.7837
2025-07-22,Campanario,Chico,103,16835.0,74,0.7184
2025-07-22,Campanario,Grande,81,21135.0,54,0.6667
2025-07-22,Campanario,Mediano,160,34370.0,122,0.7625
2025-07-22,Centro Sur,Chico,63,10300.0,46,0.7302
2025-07-22,Centro Sur,Grande,34,8845.0,22,0.6471
2025-07-22,Centro Sur,Mediano,108,23180.0,82,0.7593
2025-07-22,El Refugio,Chico,78,12630.0,54,0.6923
2025-07-22,El Refugio,Grande,57,14955.0,40,0.7018
2025-07-22,El Refugio,Mediano,137,29710.0,112,0.8175
2025-07-22,Jurica,Chico,84,13835.0,64,0.7619
2025-07-22,Jurica,Grande,34,9085.0,28,0.8235
2025-07-22,Jurica,Mediano,119,25815.0,97,0.8151
2025-07-22,Juriquilla,Chico,116,19115.0,89,0.7672
2025-07-22,Juriquilla,Grande,78,20845.0,65,0.8333
2025-07-22,Juriquilla,Mediano,179,38200.0,131,0.7318
2025-07-23,Campanario,Chico,113,18550.0,84,0.7434
2025-07-23,Campanario,Grande,74,19485.0,54,0.7297
2025-07-23,Campanario,Mediano,202,42965.0,143,0.7079
2025-07-23,Centro Sur,Chico,62,10280.0,50,0.8065
2025-07-23,Centro Sur,Grande,36,9605.0,29,0.8056
2025-07-23,Centro Sur,Mediano,112,23830.0,80,0.7143
2025-07-23,El Refugio,Chico,90,15030.0,74,0.8222
2025-07-23,El Refugio,Grande,59,15935.0,53,0.8983
2025-07-23,El Refugio,Mediano,157,33935.0,125,0.7962
2025-07-23,Jurica,Chico,68,11210.0,52,0.7647
2025-07-23,Jurica,Grande,52,13860.0,42,0.8077
2025-07-23,Jurica,Mediano,121,25935.0,91,0.7521
2025-07-23,Juriquilla,Chico,100,16470.0,76,0.76
2025-07-23,Juriquilla,Grande,65,17415.0,55,0.8462
2025-07-23,Juriquilla,Mediano,186,40020.0,144,0.7742
2025-07-24,Campanario,Chico,119,19480.0,88,0.7395
2025-07-24,Campanario,Grande,65,17215.0,50,0.7692
2025-07-24,Campanario,Mediano,161,34460.0,120,0.7453
2025-07-24,Centro Sur,Chico,55,9105.0,43,0.7818
2025-07-24,Centro Sur,Grande,45,12005.0,36,0.8
2025-07-24,Centro Sur,Mediano,95,20585.0,77,0.8105
2025-07-24,El Refugio,Chico,80,13120.0,59,0.7375
2025-07-24,El Refugio,Grande,53,13800.0,35,0.6604
2025-07-24,El Refugio,Mediano,160,33780.0,107,0.6688
2025-07-24,Jurica,Chico,60,9780.0,43,0.7167
2025-07-24,Jurica,Grande,53,13975.0,40,0.7547
2025-07-24,Jurica,Mediano,117,25295.0,93,0.7949
2025-07-24,Juriquilla,Chico,99,16290.0,76,0.7677
2025-07-24,Juriquilla,Grande,89,23580.0,68,0.764
2025-07-24,Juriquilla,Mediano,174,37370.0,133,0.7644
2025-07-25,Campanario,Chico,103,17090.0,82,0.7961
2025-07-25,Campanario,Grande,52,13845.0,42,0.8077
2025-07-25,Campanario,Mediano,179,38615.0,141,0.7877
2025-07-25,Centro Sur,Chico,60,9855.0,45,0.75
2025-07-25,Centro Sur,Grande,41,10790.0,29,0.7073
2025-07-25,Centro Sur,Mediano,91,19430.0,67,0.7363
2025-07-25,El Refugio,Chico,78,12985.0,63,0.8077
2025-07-25,El Refugio,Grande,52,13715.0,38,0.7308
2025-07-25,El Refugio,Mediano,131,28500.0,109,0.8321
2025-07-25,Jurica,Chico,61,10160.0,49,0.8033
2025-07-25,Jurica,Grande,36,9610.0,29,0.8056
2025-07-25,Jurica,Mediano,102,21820.0,76,0.7451
2025-07-25,Juriquilla,Chico,104,17055.0,77,0.7404
2025-07-25,Juriquilla,Grande,60,15695.0,41,0.6833
2025-07-25,Juriquilla,Mediano,146,31270.0,109,0.7466
2025-07-26,Campanario,Chico,96,15625.0,68,0.7083
2025-07-26,Campanario,Grande,56,14975.0,47,0.8393
2025-07-26,Campanario,Mediano,166,35405.0,120,0.7229
2025-07-26,Centro Sur,Chico,46,7335.0,29,0.6304
2025-07-26,Centro Sur,Grande,33,8680.0,24,0.7273
2025-07-26,Centro Sur,Mediano,103,21755.0,69,0.6699
2025-07-26,El Refugio,Chico,75,12465.0,60,0.8
2025-07-26,El Refugio,Grande,45,11820.0,32,0.7111
2025-07-26,El Refugio,Mediano,121,25955.0,92,0.7603
2025-07-26,Jurica,Chico,55,8985.0,40,0.7273
2025-07-26,Jurica,Grande,33,8500.0,19,0.5758
2025-07-26,Jurica,Mediano,99,21080.0,71,0.7172
2025-07-26,Juriquilla,Chico,104,17440.0,87,0.8365
2025-07-26,Juriquilla,Grande,58,15245.0,42,0.7241
2025-07-26,Juriquilla,Mediano,146,31570.0,117,0.8014
2025-07-27,Campanario,Chico,91,15020.0,71,0.7802
2025-07-27,Campanario,Grande,56,14715.0,40,0.7143
2025-07-27,Campanario,Mediano,178,37885.0,127,0.7135
2025-07-27,Centro Sur,Chico,55,9045.0,42,0.7636
2025-07-27,Centro Sur,Grande,39,10070.0,23,0.5897
2025-07-27,Centro Sur,Mediano,93,20250.0,78,0.8387
2025-07-27,El Refugio,Chico,68,10975.0,46,0.6765
2025-07-27,El Refugio,Grande,43,11445.0,34,0.7907
2025-07-27,El Refugio,Mediano,117,25250.0,92,0.7863
2025-07-27,Jurica,Chico,58,9530.0,44,0.7586
2025-07-27,Jurica,Grande,45,11895.0,34,0.7556
2025-07-27,Jurica,Mediano,84,17930.0,62,0.7381
2025-07-27,Juriquilla,Chico,118,19295.0,86,0.7288
2025-07-27,Juriquilla,Grande,70,18625.0,56,0.8
2025-07-27,Juriquilla,Mediano,146,31040.0,104,0.7123
2025-07-28,Campanario,Chico,119,19605.0,91,0.7647
2025-07-28,Campanario,Grande,75,19880.0,57,0.76
2025-07-28,Campanario,Mediano,171,36490.0,125,0.731
2025-07-28,Centro Sur,Chico,61,10045.0,46,0.7541
2025-07-28,Centro Sur,Grande,51,13070.0,28,0.549
2025-07-28,Centro Sur,Mediano,105,22225.0,72,0.6857
2025-07-28,El Refugio,Chico,74,12010.0,52,0.7027
2025-07-28,El Refugio,Grande,59,15725.0,47,0.7966
2025-07-28,El Refugio,Mediano,150,31845.0,105,0.7
2025-07-28,Jurica,Chico,68,11120.0,50,0.7353
2025-07-28,Jurica,Grande,32,8525.0,26,0.8125
2025-07-28,Jurica,Mediano,114,24020.0,75,0.6579
2025-07-28,Juriquilla,Chico,96,15960.0,77,0.8021
2025-07-28,Juriquilla,Grande,85,22195.0,57,0.6706
2025-07-28,Juriquilla,Mediano,205,43990.0,156,0.761
2025-07-29,Campanario,Chico,100,16650.0,81,0.81
2025-07-29,Campanario,Grande,68,17865.0,48,0.7059
2025-07-29,Campanario,Mediano,161,34410.0,119,0.7391
2025-07-29,Centro Sur,Chico,54,9040.0,45,0.8333
2025-07-29,Centro Sur,Grande,33,8725.0,25,0.7576
2025-07-29,Centro Sur,Mediano,107,23015.0,83,0.7757
2025-07-29,El Refugio,Chico,115,19140.0,93,0.8087
2025-07-29,El Refugio,Grande,46,12140.0,34,0.7391
2025-07-29,El Refugio,Mediano,154,33010.0,116,0.7532
2025-07-29,Jurica,Chico,77,12490.0,54,0.7013
2025-07-29,Jurica,Grande,37,9790.0,28,0.7568
2025-07-29,Jurica,Mediano,123,25660.0,75,0.6098
2025-07-29,Juriquilla,Chico,93,15300.0,71,0.7634
2025-07-29,Juriquilla,Grande,76,20355.0,64,0.8421
2025-07-29,Juriquilla,Mediano,172,36570.0,121,0.7035
2025-07-30,Campanario,Chico,107,17370.0,75,0.7009
2025-07-30,Campanario,Grande,69,18135.0,49,0.7101
2025-07-30,Campanario,Mediano,187,40450.0,149,0.7968
2025-07-30,Centro Sur,Chico,58,9465.0,42,0.7241
2025-07-30,Centro Sur,Grande,42,11140.0,32,0.7619
2025-07-30,Centro Sur,Mediano,104,22505.0,83,0.7981
2025-07-30,El Refugio,Chico,89,14650.0,67,0.7528
2025-07-30,El Refugio,Grande,63,16660.0,48,0.7619
2025-07-30,El Refugio,Mediano,173,36900.0,125,0.7225
2025-07-30,Jurica,Chico,66,10545.0,42,0.6364
2025-07-30,Jurica,Grande,44,11630.0,33,0.75
2025-07-30,Jurica,Mediano,112,23995.0,84,0.75
2025-07-30,Juriquilla,Chico,108,17810.0,83,0.7685
2025-07-30,Juriquilla,Grande,74,19680.0,59,0.7973
2025-07-30,Juriquilla,Mediano,184,39150.0,131,0.712
2025-07-31,Campanario,Chico,105,17405.0,83,0.7905
2025-07-31,Campanario,Grande,75,20165.0,65,0.8667
2025-07-31,Campanario,Mediano,189,40790.0,149,0.7884
2025-07-31,Centro Sur,Chico,69,11575.0,58,0.8406
2025-07-31,Centro Sur,Grande,46,12105.0,33,0.7174
2025-07-31,Centro Sur,Mediano,113,24285.0,87,0.7699
2025-07-31,El Refugio,Chico,90,14515.0,61,0.6778
2025-07-31,El Refugio,Grande,63,16610.0,46,0.7302
2025-07-31,El Refugio,Mediano,148,31860.0,114,0.7703
2025-07-31,Jurica,Chico,79,12925.0,58,0.7342
2025-07-31,Jurica,Grande,40,10620.0,31,0.775
2025-07-31,Jurica,Mediano,119,25440.0,87,0.7311
2025-07-31,Juriquilla,Chico,113,18485.0,83,0.7345
2025-07-31,Juriquilla,Grande,83,21895.0,61,0.7349
2025-07-31,Juriquilla,Mediano,180,38685.0,137,0.7611
2025-08-01,Campanario,Chico,92,15410.0,76,0.8261
2025-08-01,Campanario,Grande,47,12225.0,30,0.6383
2025-08-01,Campanario,Mediano,153,32960.0,119,0.7778
2025-08-01,Centro Sur,Chico,55,9145.0,44,0.8
2025-08-01,Centro Sur,Grande,34,8765.0,20,0.5882
2025-08-01,Centro Sur,Mediano,85,18500.0,71,0.8353
2025-08-01,El Refugio,Chico,65,10675.0,49,0.7538
2025-08-01,El Refugio,Grande,44,11605.0,32,0.7273
2025-08-01,El Refugio,Mediano,130,27780.0,96,0.7385
2025-08-01,Jurica,Chico,69,11205.0,49,0.7101
2025-08-01,Jurica,Grande,36,9435.0,25,0.6944
2025-08-01,Jurica,Mediano,87,18680.0,67,0.7701
2025-08-01,Juriquilla,Chico,85,14160.0,68,0.8
2025-08-01,Juriquilla,Grande,67,17865.0,54,0.806
2025-08-01,Juriquilla,Mediano,127,26955.0,89,0.7008
2025-08-02,Campanario,Chico,90,14725.0,66,0.7333
2025-08-02,Campanario,Grande,65,17240.0,51,0.7846
2025-08-02,Campanario,Mediano,151,32470.0,116,0.7682
2025-08-02,Centro Sur,Chico,62,10010.0,42,0.6774
2025-08-02,Centro Sur,Grande,32,8510.0,25,0.7812
2025-08-02,Centro Sur,Mediano,95,20195.0,67,0.7053
2025-08-02,El Refugio,Chico,81,13430.0,64,0.7901
2025-08-02,El Refugio,Grande,41,10885.0,33,0.8049
2025-08-02,El Refugio,Mediano,131,28220.0,102,0.7786
2025-08-02,Jurica,Chico,52,8760.0,45,0.8654
2025-08-02,Jurica,Grande,50,13260.0,39,0.78
2025-08-02,Jurica,Mediano,74,15820.0,55,0.7432
2025-08-02,Juriquilla,Chico,89,14675.0,68,0.764
2025-08-02,Juriquilla,Grande,61,15935.0,41,0.6721
2025-08-02,Juriquilla,Mediano,166,35745.0,129,0.7771
2025-08-03,Campanario,Chico,89,14410.0,61,0.6854
2025-08-03,Campanario,Grande,56,14625.0,38,0.6786
2025-08-03,Campanario,Mediano,177,37710.0,128,0.7232
2025-08-03,Centro Sur,Chico,48,7905.0,37,0.7708
2025-08-03,Centro Sur,Grande,23,6175.0,20,0.8696
2025-08-03,Centro Sur,Mediano,106,22805.0,82,0.7736
2025-08-03,El Refugio,Chico,69,11435.0,54,0.7826
2025-08-03,El Refugio,Grande,45,12065.0,39,0.8667
2025-08-03,El Refugio,Mediano,116,24725.0,84,0.7241
2025-08-03,Jurica,Chico,56,9440.0,48,0.8571
2025-08-03,Jurica,Grande,39,10355.0,31,0.7949
2025-08-03,Jurica,Mediano,96,20695.0,75,0.7812
2025-08-03,Juriquilla,Chico,109,18100.0,87,0.7982
2025-08-03,Juriquilla,Grande,49,12840.0,34,0.6939
2025-08-03,Juriquilla,Mediano,156,33450.0,117,0.75
2025-08-04,Campanario,Chico,94,15225.0,65,0.6915
2025-08-04,Campanario,Grande,71,18540.0,47,0.662
2025-08-04,Campanario,Mediano,186,39390.0,127,0.6828
2025-08-04,Centro Sur,Chico,64,10530.0,49,0.7656
2025-08-04,Centro Sur,Grande,51,13525.0,40,0.7843
2025-08-04,Centro Sur,Mediano,127,27020.0,91,0.7165
2025-08-04,El Refugio,Chico,81,13540.0,66,0.8148
2025-08-04,El Refugio,Grande,43,11405.0,33,0.7674
2025-08-04,El Refugio,Mediano,147,31020.0,98,0.6667
2025-08-04,Jurica,Chico,65,10625.0,48,0.7385
2025-08-04,Jurica,Grande,50,13295.0,40,0.8
2025-08-04,Jurica,Mediano,107,23010.0,82,0.7664
2025-08-04,Juriquilla,Chico,87,14285.0,65,0.7471
2025-08-04,Juriquilla,Grande,77,20160.0,53,0.6883
2025-08-04,Juriquilla,Mediano,191,41110.0,149,0.7801
2025-08-05,Campanario,Chico,131,21640.0,102,0.7786
2025-08-05,Campanario,Grande,65,17240.0,51,0.7846
2025-08-05,Campanario,Mediano,181,38735.0,134,0.7403
2025-08-05,Centro Sur,Chico,61,10020.0,45,0.7377
2025-08-05,Centro Sur,Grande,36,9595.0,29,0.8056
2025-08-05,Centro Sur,Mediano,97,20835.0,74,0.7629
2025-08-05,El Refugio,Chico,77,12490.0,54,0.7013
2025-08-05,El Refugio,Grande,50,13095.0,34,0.68
2025-08-05,El Refugio,Mediano,152,32575.0,114,0.75
2025-08-05,Jurica,Chico,58,9545.0,44,0.7586
2025-08-05,Jurica,Grande,50,13140.0,36,0.72
2025-08-05,Jurica,Mediano,99,21525.0,83,0.8384
2025-08-05,Juriquilla,Chico,92,15235.0,73,0.7935
2025-08-05,Juriquilla,Grande,85,22565.0,66,0.7765
2025-08-05,Juriquilla,Mediano,185,39645.0,140,0.7568
2025-08-06,Campanario,Chico,124,20490.0,96,0.7742
2025-08-06,Campanario,Grande,80,21390.0,66,0.825
2025-08-06,Campanario,Mediano,168,36000.0,125,0.744
2025-08-06,Centro Sur,Chico,87,14360.0,67,0.7701
2025-08-06,Centro Sur,Grande,40,10615.0,31,0.775
2025-08-06,Centro Sur,Mediano,96,20645.0,74,0.7708
2025-08-06,El Refugio,Chico,79,12870.0,57,0.7215
2025-08-06,El Refugio,Grande,61,16140.0,47,0.7705
2025-08-06,El Refugio,Mediano,153,32365.0,104,0.6797
2025-08-06,Jurica,Chico,70,11485.0,52,0.7429
2025-08-06,Jurica,Grande,52,13625.0,36,0.6923
2025-08-06,Jurica,Mediano,109,22915.0,71,0.6514
2025-08-06,Juriquilla,Chico,110,17840.0,77,0.7
2025-08-06,Juriquilla,Grande,64,16915.0,48,0.75
2025-08-06,Juriquilla,Mediano,177,38090.0,137,0.774
2025-08-07,Campanario,Chico,112,18225.0,80,0.7143
2025-08-07,Campanario,Grande,74,19485.0,53,0.7162
2025-08-07,Campanario,Mediano,185,39645.0,139,0.7514
2025-08-07,Centro Sur,Chico,63,10170.0,43,0.6825
2025-08-07,Centro Sur,Grande,52,13775.0,40,0.7692
2025-08-07,Centro Sur,Mediano,105,22495.0,79,0.7524
2025-08-07,El Refugio,Chico,82,13530.0,63,0.7683
2025-08-07,El Refugio,Grande,62,16465.0,48,0.7742
2025-08-07,El Refugio,Mediano,141,30205.0,106,0.7518
2025-08-07,Jurica,Chico,61,9875.0,42,0.6885
2025-08-07,Jurica,Grande,46,12085.0,33,0.7174
2025-08-07,Jurica,Mediano,103,21840.0,72,0.699
2025-08-07,Juriquilla,Chico,106,17360.0,78,0.7358
2025-08-07,Juriquilla,Grande,68,17870.0,49,0.7206
2025-08-07,Juriquilla,Mediano,191,40870.0,142,0.7435
2025-08-08,Campanario,Chico,86,14015.0,61,0.7093
2025-08-08,Campanario,Grande,52,13785.0,40,0.7692
2025-08-08,Campanario,Mediano,167,36120.0,134,0.8024
2025-08-08,Centro Sur,Chico,52,8635.0,42,0.8077
2025-08-08,Centro Sur,Grande,29,7585.0,20,0.6897
2025-08-08,Centro Sur,Mediano,106,22485.0,73,0.6887
2025-08-08,El Refugio,Chico,73,12050.0,56,0.7671
2025-08-08,El Refugio,Grande,50,13155.0,36,0.72
2025-08-08,El Refugio,Mediano,115,24870.0,92,0.8
2025-08-08,Jurica,Chico,62,10125.0,45,0.7258
2025-08-08,Jurica,Grande,28,7405.0,21,0.75
2025-08-08,Jurica,Mediano,82,17630.0,63,0.7683
2025-08-08,Juriquilla,Chico,94,15475.0,71,0.7553
2025-08-08,Juriquilla,Grande,63,16805.0,51,0.8095
2025-08-08,Juriquilla,Mediano,157,33795.0,121,0.7707
2025-08-09,Campanario,Chico,107,17695.0,83,0.7757
2025-08-09,Campanario,Grande,70,18545.0,54,0.7714
2025-08-09,Campanario,Mediano,138,29560.0,103,0.7464
2025-08-09,Centro Sur,Chico,55,9245.0,46,0.8364
2025-08-09,Centro Sur,Grande,45,11795.0,31,0.6889
2025-08-09,Centro Sur,Mediano,73,15805.0,59,0.8082
2025-08-09,El Refugio,Chico,85,13980.0,65,0.7647
2025-08-09,El Refugio,Grande,46,12250.0,37,0.8043
2025-08-09,El Refugio,Mediano,127,27360.0,99,0.7795
2025-08-09,Jurica,Chico,53,8680.0,39,0.7358
2025-08-09,Jurica,Grande,35,9375.0,29,0.8286
2025-08-09,Jurica,Mediano,104,22240.0,77,0.7404
2025-08-09,Juriquilla,Chico,96,15770.0,72,0.75
2025-08-09,Juriquilla,Grande,72,19195.0,58,0.8056
2025-08-09,Juriquilla,Mediano,154,32995.0,116,0.7532
2025-08-10,Campanario,Chico,93,15200.0,68,0.7312
2025-08-10,Campanario,Grande,63,16725.0,49,0.7778
2025-08-10,Campanario,Mediano,166,35670.0,128,0.7711
2025-08-10,Centro Sur,Chico,55,8990.0,40,0.7273
2025-08-10,Centro Sur,Grande,42,11215.0,34,0.8095
2025-08-10,Centro Sur,Mediano,91,19040.0,57,0.6264
2025-08-10,El Refugio,Chico,57,9275.0,41,0.7193
2025-08-10,El Refugio,Grande,40,10655.0,32,0.8
2025-08-10,El Refugio,Mediano,116,24835.0,86,0.7414
2025-08-10,Jurica,Chico,42,6845.0,30,0.7143
2025-08-10,Jurica,Grande,32,8445.0,24,0.75
2025-08-10,Jurica,Mediano,105,22505.0,79,0.7524
2025-08-10,Juriquilla,Chico,93,15355.0,72,0.7742
2025-08-10,Juriquilla,Grande,78,20485.0,55,0.7051
2025-08-10,Juriquilla,Mediano,146,31390.0,112,0.7671
2025-08-11,Campanario,Chico,126,20810.0,98,0.7778
2025-08-11,Campanario,Grande,85,22550.0,66,0.7765
2025-08-11,Campanario,Mediano,186,39910.0,141,0.7581
2025-08-11,Centro Sur,Chico,72,11780.0,53,0.7361
2025-08-11,Centro Sur,Grande,40,10620.0,31,0.775
2025-08-11,Centro Sur,Mediano,83,17830.0,63,0.759
2025-08-11,El Refugio,Chico,91,14780.0,64,0.7033
2025-08-11,El Refugio,Grande,51,13475.0,38,0.7451
2025-08-11,El Refugio,Mediano,145,30590.0,96,0.6621
2025-08-11,Jurica,Chico,65,10610.0,47,0.7231
2025-08-11,Jurica,Grande,47,12375.0,34,0.7234
2025-08-11,Jurica,Mediano,112,23775.0,78,0.6964
2025-08-11,Juriquilla,Chico,125,20480.0,92,0.736
2025-08-11,Juriquilla,Grande,72,18960.0,52,0.7222
2025-08-11,Juriquilla,Mediano,198,42740.0,156,0.7879
2025-08-12,Campanario,Chico,92,15105.0,69,0.75
2025-08-12,Campanario,Grande,95,25120.0,72,0.7579
2025-08-12,Campanario,Mediano,158,33805.0,117,0.7405
2025-08-12,Centro Sur,Chico,57,9410.0,44,0.7719
2025-08-12,Centro Sur,Grande,40,10505.0,28,0.7
2025-08-12,Centro Sur,Mediano,106,22520.0,74,0.6981
2025-08-12,El Refugio,Chico,80,13265.0,63,0.7875
2025-08-12,El Refugio,Grande,59,15715.0,48,0.8136
2025-08-12,El Refugio,Mediano,136,28650.0,89,0.6544
2025-08-12,Jurica,Chico,62,9985.0,41,0.6613
2025-08-12,Jurica,Grande,44,11645.0,33,0.75
2025-08-12,Jurica,Mediano,118,25150.0,85,0.7203
2025-08-12,Juriquilla,Chico,114,18445.0,78,0.6842
2025-08-12,Juriquilla,Grande,81,21475.0,63,0.7778
2025-08-12,Juriquilla,Mediano,193,41305.0,144,0.7461
2025-08-13,Campanario,Chico,104,16650.0,67,0.6442
2025-08-13,Campanario,Grande,69,18205.0,51,0.7391
2025-08-13,Campanario,Mediano,200,42520.0,141,0.705
2025-08-13,Centro Sur,Chico,73,11835.0,51,0.6986
2025-08-13,Centro Sur,Grande,34,9005.0,26,0.7647
2025-08-13,Centro Sur,Mediano,118,25385.0,91,0.7712
2025-08-13,El Refugio,Chico,90,14935.0,72,0.8
2025-08-13,El Refugio,Grande,71,18585.0,49,0.6901
2025-08-13,El Refugio,Mediano,147,31760.0,117,0.7959
2025-08-13,Jurica,Chico,58,9665.0,47,0.8103
2025-08-13,Jurica,Grande,44,11580.0,32,0.7273
2025-08-13,Jurica,Mediano,110,23660.0,85,0.7727
2025-08-13,Juriquilla,Chico,120,19350.0,81,0.675
2025-08-13,Juriquilla,Grande,70,18520.0,53,0.7571
2025-08-13,Juriquilla,Mediano,178,38360.0,139,0.7809
2025-08-14,Campanario,Chico,83,13825.0,67,0.8072
2025-08-14,Campanario,Grande,79,20840.0,59,0.7468
2025-08-14,Campanario,Mediano,181,38985.0,141,0.779
2025-08-14,Centro Sur,Chico,70,11320.0,48,0.6857
2025-08-14,Centro Sur,Grande,37,9800.0,28,0.7568
2025-08-14,Centro Sur,Mediano,128,27435.0,96,0.75
2025-08-14,El Refugio,Chico,77,12795.0,62,0.8052
2025-08-14,El Refugio,Grande,70,18375.0,50,0.7143
2025-08-14,El Refugio,Mediano,120,25510.0,85,0.7083
2025-08-14,Jurica,Chico,55,8975.0,40,0.7273
2025-08-14,Jurica,Grande,38,10150.0,31,0.8158
2025-08-14,Jurica,Mediano,114,24315.0,82,0.7193
2025-08-14,Juriquilla,Chico,119,19560.0,90,0.7563
2025-08-14,Juriquilla,Grande,69,18285.0,53,0.7681
2025-08-14,Juriquilla,Mediano,175,37250.0,126,0.72
2025-08-15,Campanario,Chico,95,15520.0,69,0.7263
2025-08-15,Campanario,Grande,67,17680.0,50,0.7463
2025-08-15,Campanario,Mediano,161,34600.0,123,0.764
2025-08-15,Centro Sur,Chico,53,8880.0,44,0.8302
2025-08-15,Centro Sur,Grande,37,9660.0,25,0.6757
2025-08-15,Centro Sur,Mediano,90,19455.0,72,0.8
2025-08-15,El Refugio,Chico,65,10595.0,47,0.7231
2025-08-15,El Refugio,Grande,50,13190.0,37,0.74
2025-08-15,El Refugio,Mediano,110,23705.0,86,0.7818
2025-08-15,Jurica,Chico,52,8550.0,39,0.75
2025-08-15,Jurica,Grande,44,11455.0,29,0.6591
2025-08-15,Jurica,Mediano,96,20390.0,67,0.6979
2025-08-15,Juriquilla,Chico,67,10900.0,48,0.7164
2025-08-15,Juriquilla,Grande,64,17105.0,53,0.8281
2025-08-15,Juriquilla,Mediano,161,34335.0,117,0.7267
2025-08-16,Campanario,Chico,91,15080.0,72,0.7912
2025-08-16,Campanario,Grande,63,16550.0,45,0.7143
2025-08-16,Campanario,Mediano,146,31605.0,117,0.8014
2025-08-16,Centro Sur,Chico,46,7525.0,34,0.7391
2025-08-16,Centro Sur,Grande,46,12400.0,41,0.8913
2025-08-16,Centro Sur,Mediano,71,15235.0,54,0.7606
2025-08-16,El Refugio,Chico,79,13030.0,61,0.7722
2025-08-16,El Refugio,Grande,56,14785.0,42,0.75
2025-08-16,El Refugio,Mediano,115,24655.0,86,0.7478
2025-08-16,Jurica,Chico,43,7085.0,33,0.7674
2025-08-16,Jurica,Grande,40,10600.0,31,0.775
2025-08-16,Jurica,Mediano,89,19045.0,66,0.7416
2025-08-16,Juriquilla,Chico,87,14500.0,71,0.8161
2025-08-16,Juriquilla,Grande,54,14105.0,36,0.6667
2025-08-16,Juriquilla,Mediano,145,30975.0,107,0.7379
2025-08-17,Campanario,Chico,108,17545.0,76,0.7037
2025-08-17,Campanario,Grande,59,15570.0,44,0.7458
2025-08-17,Campanario,Mediano,147,31865.0,120,0.8163
2025-08-17,Centro Sur,Chico,46,7455.0,32,0.6957
2025-08-17,Centro Sur,Grande,36,9515.0,27,0.75
2025-08-17,Centro Sur,Mediano,89,19020.0,65,0.7303
2025-08-17,El Refugio,Chico,81,13110.0,56,0.6914
2025-08-17,El Refugio,Grande,53,13965.0,39,0.7358
2025-08-17,El Refugio,Mediano,151,32430.0,115,0.7616
2025-08-17,Jurica,Chico,72,11810.0,54,0.75
2025-08-17,Jurica,Grande,24,6460.0,21,0.875
2025-08-17,Jurica,Mediano,104,22180.0,75,0.7212
2025-08-17,Juriquilla,Chico,92,15315.0,74,0.8043
2025-08-17,Juriquilla,Grande,49,13165.0,42,0.8571
2025-08-17,Juriquilla,Mediano,153,32690.0,112,0.732
2025-08-18,Campanario,Chico,122,19940.0,89,0.7295
2025-08-18,Campanario,Grande,67,17585.0,47,0.7015
2025-08-18,Campanario,Mediano,166,35675.0,127,0.7651
2025-08-18,Centro Sur,Chico,59,9665.0,43,0.7288
2025-08-18,Centro Sur,Grande,39,10575.0,36,0.9231
2025-08-18,Centro Sur,Mediano,128,27490.0,98,0.7656
2025-08-18,El Refugio,Chico,103,17055.0,81,0.7864
2025-08-18,El Refugio,Grande,62,16470.0,49,0.7903
2025-08-18,El Refugio,Mediano,135,28720.0,97,0.7185
2025-08-18,Jurica,Chico,74,11950.0,50,0.6757
2025-08-18,Jurica,Grande,63,16895.0,53,0.8413
2025-08-18,Jurica,Mediano,97,20695.0,70,0.7216
2025-08-18,Juriquilla,Chico,110,18175.0,85,0.7727
2025-08-18,Juriquilla,Grande,91,23770.0,61,0.6703
2025-08-18,Juriquilla,Mediano,195,41750.0,145,0.7436
2025-08-19,Campanario,Chico,123,20305.0,96,0.7805
2025-08-19,Campanario,Grande,52,13745.0,39,0.75
2025-08-19,Campanario,Mediano,196,42065.0,148,0.7551
2025-08-19,Centro Sur,Chico,58,9370.0,39,0.6724
2025-08-19,Centro Sur,Grande,48,12810.0,39,0.8125
2025-08-19,Centro Sur,Mediano,105,22495.0,78,0.7429
2025-08-19,El Refugio,Chico,75,12370.0,58,0.7733
2025-08-19,El Refugio,Grande,56,14840.0,44,0.7857
2025-08-19,El Refugio,Mediano,154,32745.0,110,0.7143
2025-08-19,Jurica,Chico,64,10480.0,47,0.7344
2025-08-19,Jurica,Grande,40,10395.0,26,0.65
2025-08-19,Jurica,Mediano,128,27420.0,96,0.75
2025-08-19,Juriquilla,Chico,121,19965.0,94,0.7769
2025-08-19,Juriquilla,Grande,73,19410.0,58,0.7945
2025-08-19,Juriquilla,Mediano,183,39195.0,137,0.7486
2025-08-20,Campanario,Chico,123,20060.0,89,0.7236
2025-08-20,Campanario,Grande,70,18490.0,52,0.7429
2025-08-20,Campanario,Mediano,188,40485.0,145,0.7713
2025-08-20,Centro Sur,Chico,58,9580.0,45,0.7759
2025-08-20,Centro Sur,Grande,38,10085.0,29,0.7632
2025-08-20,Centro Sur,Mediano,110,23680.0,86,0.7818
2025-08-20,El Refugio,Chico,92,14930.0,64,0.6957
2025-08-20,El Refugio,Grande,52,13750.0,39,0.75
2025-08-20,El Refugio,Mediano,138,29630.0,105,0.7609
2025-08-20,Jurica,Chico,67,11230.0,56,0.8358
2025-08-20,Jurica,Grande,39,10420.0,32,0.8205
2025-08-20,Jurica,Mediano,109,23450.0,84,0.7706
2025-08-20,Juriquilla,Chico,110,17800.0,75,0.6818
2025-08-20,Juriquilla,Grande,80,21185.0,61,0.7625
2025-08-20,Juriquilla,Mediano,177,37605.0,124,0.7006
2025-08-21,Campanario,Chico,103,17035.0,80,0.7767
2025-08-21,Campanario,Grande,68,17860.0,49,0.7206
2025-08-21,Campanario,Mediano,191,40770.0,139,0.7277
2025-08-21,Centro Sur,Chico,62,10285.0,49,0.7903
2025-08-21,Centro Sur,Grande,39,10250.0,28,0.7179
2025-08-21,Centro Sur,Mediano,99,21055.0,70,0.7071
2025-08-21,El Refugio,Chico,82,13345.0,58,0.7073
2025-08-21,El Refugio,Grande,60,16010.0,49,0.8167
2025-08-21,El Refugio,Mediano,138,29650.0,105,0.7609
2025-08-21,Jurica,Chico,60,9935.0,47,0.7833
2025-08-21,Jurica,Grande,43,11440.0,34,0.7907
2025-08-21,Jurica,Mediano,117,25030.0,87,0.7436
2025-08-21,Juriquilla,Chico,101,16695.0,78,0.7723
2025-08-21,Juriquilla,Grande,61,16160.0,47,0.7705
2025-08-21,Juriquilla,Mediano,179,38475.0,136,0.7598
2025-08-22,Campanario,Chico,96,15615.0,69,0.7188
2025-08-22,Campanario,Grande,54,14450.0,45,0.8333
2025-08-22,Campanario,Mediano,192,41110.0,143,0.7448
2025-08-22,Centro Sur,Chico,61,9960.0,44,0.7213
2025-08-22,Centro Sur,Grande,36,9475.0,26,0.7222
2025-08-22,Centro Sur,Mediano,81,17140.0,56,0.6914
2025-08-22,El Refugio,Chico,83,13385.0,56,0.6747
2025-08-22,El Refugio,Grande,54,14125.0,37,0.6852
2025-08-22,El Refugio,Mediano,127,27120.0,93,0.7323
2025-08-22,Jurica,Chico,63,10220.0,44,0.6984
2025-08-22,Jurica,Grande,35,9085.0,22,0.6286
2025-08-22,Jurica,Mediano,101,21810.0,80,0.7921
2025-08-22,Juriquilla,Chico,93,15425.0,73,0.7849
2025-08-22,Juriquilla,Grande,67,17575.0,47,0.7015
2025-08-22,Juriquilla,Mediano,150,32355.0,118,0.7867
2025-08-23,Campanario,Chico,97,15920.0,73,0.7526
2025-08-23,Campanario,Grande,67,17715.0,50,0.7463
2025-08-23,Campanario,Mediano,156,33195.0,112,0.7179
2025-08-23,Centro Sur,Chico,44,7085.0,29,0.6591
2025-08-23,Centro Sur,Grande,36,9705.0,32,0.8889
2025-08-23,Centro Sur,Mediano,89,19160.0,69,0.7753
2025-08-23,El Refugio,Chico,82,13380.0,59,0.7195
2025-08-23,El Refugio,Grande,45,11955.0,35,0.7778
2025-08-23,El Refugio,Mediano,141,30200.0,105,0.7447
2025-08-23,Jurica,Chico,65,10680.0,49,0.7538
2025-08-23,Jurica,Grande,34,8700.0,18,0.5294
2025-08-23,Jurica,Mediano,92,19955.0,75,0.8152
2025-08-23,Juriquilla,Chico,87,14435.0,69,0.7931
2025-08-23,Juriquilla,Grande,70,18460.0,52,0.7429
2025-08-23,Juriquilla,Mediano,166,35805.0,130,0.7831
2025-08-24,Campanario,Chico,89,14510.0,64,0.7191
2025-08-24,Campanario,Grande,51,13395.0,36,0.7059
2025-08-24,Campanario,Mediano,178,38095.0,133,0.7472
2025-08-24,Centro Sur,Chico,58,9380.0,40,0.6897
2025-08-24,Centro Sur,Grande,29,7515.0,18,0.6207
2025-08-24,Centro Sur,Mediano,111,23800.0,84,0.7568
2025-08-24,El Refugio,Chico,75,12350.0,57,0.76
2025-08-24,El Refugio,Grande,45,11985.0,36,0.8
2025-08-24,El Refugio,Mediano,134,28985.0,108,0.806
2025-08-24,Jurica,Chico,41,6705.0,30,0.7317
2025-08-24,Jurica,Grande,42,11190.0,34,0.8095
2025-08-24,Jurica,Mediano,93,20095.0,74,0.7957
2025-08-24,Juriquilla,Chico,102,16555.0,71,0.6961
2025-08-24,Juriquilla,Grande,53,14095.0,42,0.7925
2025-08-24,Juriquilla,Mediano,152,32560.0,114,0.75
2025-08-25,Campanario,Chico,131,21670.0,103,0.7863
2025-08-25,Campanario,Grande,69,18055.0,47,0.6812
2025-08-25,Campanario,Mediano,196,41830.0,142,0.7245
2025-08-25,Centro Sur,Chico,75,12165.0,53,0.7067
2025-08-25,Centro Sur,Grande,51,13470.0,38,0.7451
2025-08-25,Centro Sur,Mediano,107,22875.0,79,0.7383
2025-08-25,El Refugio,Chico,78,13085.0,65,0.8333
2025-08-25,El Refugio,Grande,66,17435.0,50,0.7576
2025-08-25,El Refugio,Mediano,154,32570.0,105,0.6818
2025-08-25,Jurica,Chico,65,10505.0,44,0.6769
2025-08-25,Jurica,Grande,48,12450.0,30,0.625
2025-08-25,Jurica,Mediano,114,24640.0,91,0.7982
2025-08-25,Juriquilla,Chico,106,17475.0,82,0.7736
2025-08-25,Juriquilla,Grande,75,19825.0,57,0.76
2025-08-25,Juriquilla,Mediano,182,38650.0,128,0.7033
2025-08-26,Campanario,Chico,115,19100.0,93,0.8087
2025-08-26,Campanario,Grande,81,21405.0,61,0.7531
2025-08-26,Campanario,Mediano,194,41275.0,138,0.7113
2025-08-26,Centro Sur,Chico,73,12105.0,58,0.7945
2025-08-26,Centro Sur,Grande,43,11340.0,32,0.7442
2025-08-26,Centro Sur,Mediano,109,23290.0,80,0.7339
2025-08-26,El Refugio,Chico,86,14440.0,73,0.8488
2025-08-26,El Refugio,Grande,51,13565.0,41,0.8039
2025-08-26,El Refugio,Mediano,159,34575.0,132,0.8302
2025-08-26,Jurica,Chico,75,12455.0,59,0.7867
2025-08-26,Jurica,Grande,43,11290.0,30,0.6977
2025-08-26,Jurica,Mediano,116,24815.0,86,0.7414
2025-08-26,Juriquilla,Chico,96,15760.0,72,0.75
2025-08-26,Juriquilla,Grande,58,15280.0,42,0.7241
2025-08-26,Juriquilla,Mediano,168,36180.0,131,0.7798
2025-08-27,Campanario,Chico,101,16690.0,78,0.7723
2025-08-27,Campanario,Grande,70,18445.0,51,0.7286
2025-08-27,Campanario,Mediano,174,37445.0,135,0.7759
2025-08-27,Centro Sur,Chico,73,11960.0,54,0.7397
2025-08-27,Centro Sur,Grande,41,10595.0,25,0.6098
2025-08-27,Centro Sur,Mediano,113,24425.0,90,0.7965
2025-08-27,El Refugio,Chico,104,17055.0,77,0.7404
2025-08-27,El Refugio,Grande,70,18570.0,54,0.7714
2025-08-27,El Refugio,Mediano,158,33950.0,121,0.7658
2025-08-27,Jurica,Chico,69,11230.0,49,0.7101
2025-08-27,Jurica,Grande,45,11925.0,35,0.7778
2025-08-27,Jurica,Mediano,132,28575.0,106,0.803
2025-08-27,Juriquilla,Chico,108,17780.0,82,0.7593
2025-08-27,Juriquilla,Grande,61,16030.0,44,0.7213
2025-08-27,Juriquilla,Mediano,203,43205.0,145,0.7143
2025-08-28,Campanario,Chico,125,20365.0,89,0.712
2025-08-28,Campanario,Grande,73,19220.0,53,0.726
2025-08-28,Campanario,Mediano,183,38905.0,130,0.7104
2025-08-28,Centro Sur,Chico,64,10470.0,47,0.7344
2025-08-28,Centro Sur,Grande,43,11410.0,34,0.7907
2025-08-28,Centro Sur,Mediano,110,23825.0,89,0.8091
2025-08-28,El Refugio,Chico,81,13395.0,64,0.7901
2025-08-28,El Refugio,Grande,65,17060.0,46,0.7077
2025-08-28,El Refugio,Mediano,148,31855.0,115,0.777
2025-08-28,Jurica,Chico,57,9170.0,38,0.6667
2025-08-28,Jurica,Grande,48,12800.0,39,0.8125
2025-08-28,Jurica,Mediano,107,22850.0,78,0.729
2025-08-28,Juriquilla,Chico,109,18180.0,89,0.8165
2025-08-28,Juriquilla,Grande,90,23830.0,69,0.7667
2025-08-28,Juriquilla,Mediano,180,38670.0,137,0.7611
2025-08-29,Campanario,Chico,95,15430.0,66,0.6947
2025-08-29,Campanario,Grande,74,19300.0,49,0.6622
2025-08-29,Campanario,Mediano,163,34545.0,112,0.6871
2025-08-29,Centro Sur,Chico,44,7395.0,38,0.8636
2025-08-29,Centro Sur,Grande,33,8545.0,20,0.6061
2025-08-29,Centro Sur,Mediano,77,16495.0,58,0.7532
2025-08-29,El Refugio,Chico,77,12560.0,56,0.7273
2025-08-29,El Refugio,Grande,46,12090.0,33,0.7174
2025-08-29,El Refugio,Mediano,124,26910.0,102,0.8226
2025-08-29,Jurica,Chico,52,8680.0,43,0.8269
2025-08-29,Jurica,Grande,36,9575.0,29,0.8056
2025-08-29,Jurica,Mediano,104,22275.0,78,0.75
2025-08-29,Juriquilla,Chico,87,14440.0,69,0.7931
2025-08-29,Juriquilla,Grande,59,15700.0,47,0.7966
2025-08-29,Juriquilla,Mediano,128,27240.0,92,0.7188
2025-08-30,Campanario,Chico,95,15630.0,72,0.7579
2025-08-30,Campanario,Grande,69,18245.0,52,0.7536
2025-08-30,Campanario,Mediano,163,34545.0,113,0.6933
2025-08-30,Centro Sur,Chico,45,7485.0,36,0.8
2025-08-30,Centro Sur,Grande,46,12085.0,32,0.6957
2025-08-30,Centro Sur,Mediano,93,20070.0,73,0.7849
2025-08-30,El Refugio,Chico,77,12620.0,57,0.7403
2025-08-30,El Refugio,Grande,56,14880.0,44,0.7857
2025-08-30,El Refugio,Mediano,122,26280.0,95,0.7787
2025-08-30,Jurica,Chico,64,10425.0,46,0.7188
2025-08-30,Jurica,Grande,41,10880.0,32,0.7805
2025-08-30,Jurica,Mediano,88,18950.0,69,0.7841
2025-08-30,Juriquilla,Chico,99,16465.0,79,0.798
2025-08-30,Juriquilla,Grande,69,18395.0,56,0.8116
2025-08-30,Juriquilla,Mediano,150,32030.0,109,0.7267
2025-08-31,Campanario,Chico,96,15785.0,73,0.7604
2025-08-31,Campanario,Grande,53,13780.0,34,0.6415
2025-08-31,Campanario,Mediano,153,32645.0,110,0.719
2025-08-31,Centro Sur,Chico,49,7860.0,32,0.6531
2025-08-31,Centro Sur,Grande,37,9935.0,32,0.8649
2025-08-31,Centro Sur,Mediano,83,17570.0,57,0.6867
2025-08-31,El Refugio,Chico,78,12635.0,54,0.6923
2025-08-31,El Refugio,Grande,55,14530.0,41,0.7455
2025-08-31,El Refugio,Mediano,124,26810.0,99,0.7984
2025-08-31,Jurica,Chico,44,7155.0,31,0.7045
2025-08-31,Jurica,Grande,40,10490.0,28,0.7
2025-08-31,Jurica,Mediano,107,23020.0,83,0.7757
2025-08-31,Juriquilla,Chico,87,14290.0,65,0.7471
2025-08-31,Juriquilla,Grande,64,16945.0,48,0.75
2025-08-31,Juriquilla,Mediano,162,34845.0,125,0.7716
2025-09-01,Campanario,Chico,110,18100.0,83,0.7545
2025-09-01,Campanario,Grande,62,16140.0,40,0.6452
2025-09-01,Campanario,Mediano,179,38540.0,140,0.7821
2025-09-01,Centro Sur,Chico,71,11380.0,46,0.6479
2025-09-01,Centro Sur,Grande,38,10145.0,31,0.8158
2025-09-01,Centro Sur,Mediano,119,25650.0,93,0.7815
2025-09-01,El Refugio,Chico,75,12615.0,64,0.8533
2025-09-01,El Refugio,Grande,61,16280.0,50,0.8197
2025-09-01,El Refugio,Mediano,134,28465.0,94,0.7015
2025-09-01,Jurica,Chico,61,9880.0,42,0.6885
2025-09-01,Jurica,Grande,44,11625.0,33,0.75
2025-09-01,Jurica,Mediano,117,24995.0,86,0.735
2025-09-01,Juriquilla,Chico,115,18750.0,83,0.7217
2025-09-01,Juriquilla,Grande,75,19685.0,53,0.7067
2025-09-01,Juriquilla,Mediano,194,41850.0,153,0.7887
2025-09-02,Campanario,Chico,107,17385.0,75,0.7009
2025-09-02,Campanario,Grande,62,16285.0,44,0.7097
2025-09-02,Campanario,Mediano,167,35675.0,123,0.7365
2025-09-02,Centro Sur,Chico,55,8750.0,34,0.6182
2025-09-02,Centro Sur,Grande,42,11045.0,30,0.7143
2025-09-02,Centro Sur,Mediano,92,19355.0,60,0.6522
2025-09-02,El Refugio,Chico,79,13000.0,60,0.7595
2025-09-02,El Refugio,Grande,60,15770.0,43,0.7167
2025-09-02,El Refugio,Mediano,128,27165.0,89,0.6953
2025-09-02,Jurica,Chico,63,10325.0,47,0.746
2025-09-02,Jurica,Grande,44,11605.0,32,0.7273
2025-09-02,Jurica,Mediano,114,24740.0,93,0.8158
2025-09-02,Juriquilla,Chico,97,15860.0,71,0.732
2025-09-02,Juriquilla,Grande,54,14375.0,43,0.7963
2025-09-02,Juriquilla,Mediano,187,40135.0,142,0.7594
2025-09-03,Campanario,Chico,105,17330.0,80,0.7619
2025-09-03,Campanario,Grande,68,18035.0,53,0.7794
2025-09-03,Campanario,Mediano,193,41125.0,138,0.715
2025-09-03,Centro Sur,Chico,64,10355.0,44,0.6875
2025-09-03,Centro Sur,Grande,55,14455.0,39,0.7091
2025-09-03,Centro Sur,Mediano,101,21550.0,73,0.7228
2025-09-03,El Refugio,Chico,84,13815.0,63,0.75
2025-09-03,El Refugio,Grande,71,18675.0,51,0.7183
2025-09-03,El Refugio,Mediano,157,33545.0,116,0.7389
2025-09-03,Jurica,Chico,63,10480.0,51,0.8095
2025-09-03,Jurica,Grande,50,13215.0,38,0.76
2025-09-03,Jurica,Mediano,117,24945.0,85,0.7265
2025-09-03,Juriquilla,Chico,105,17320.0,80,0.7619
2025-09-03,Juriquilla,Grande,84,22150.0,62,0.7381
2025-09-03,Juriquilla,Mediano,176,37665.0,130,0.7386
2025-09-04,Campanario,Chico,108,17885.0,85,0.787
2025-09-04,Campanario,Grande,81,21180.0,55,0.679
2025-09-04,Campanario,Mediano,198,42670.0,154,0.7778
2025-09-04,Centro Sur,Chico,72,11975.0,58,0.8056
2025-09-04,Centro Sur,Grande,42,10855.0,25,0.5952
2025-09-04,Centro Sur,Mediano,86,18505.0,66,0.7674
2025-09-04,El Refugio,Chico,78,12965.0,62,0.7949
2025-09-04,El Refugio,Grande,56,14800.0,42,0.75
2025-09-04,El Refugio,Mediano,152,32530.0,114,0.75
2025-09-04,Jurica,Chico,54,9065.0,45,0.8333
2025-09-04,Jurica,Grande,58,15445.0,46,0.7931
2025-09-04,Jurica,Mediano,103,22345.0,84,0.8155
2025-09-04,Juriquilla,Chico,122,19895.0,88,0.7213
2025-09-04,Juriquilla,Grande,83,21980.0,64,0.7711
2025-09-04,Juriquilla,Mediano,198,42075.0,140,0.7071
2025-09-05,Campanario,Chico,76,12505.0,58,0.7632
2025-09-05,Campanario,Grande,52,13665.0,37,0.7115
2025-09-05,Campanario,Mediano,180,38695.0,138,0.7667
2025-09-05,Centro Sur,Chico,45,7370.0,33,0.7333
2025-09-05,Centro Sur,Grande,33,8735.0,25,0.7576
2025-09-05,Centro Sur,Mediano,98,21245.0,80,0.8163
2025-09-05,El Refugio,Chico,80,13060.0,58,0.725
2025-09-05,El Refugio,Grande,52,13655.0,37,0.7115
2025-09-05,El Refugio,Mediano,118,25190.0,85,0.7203
2025-09-05,Jurica,Chico,78,13035.0,64,0.8205
2025-09-05,Jurica,Grande,47,12295.0,32,0.6809
2025-09-05,Jurica,Mediano,90,19510.0,73,0.8111
2025-09-05,Juriquilla,Chico,88,14235.0,60,0.6818
2025-09-05,Juriquilla,Grande,60,15710.0,41,0.6833
2025-09-05,Juriquilla,Mediano,157,33805.0,121,0.7707
2025-09-06,Campanario,Chico,85,13900.0,62,0.7294
2025-09-06,Campanario,Grande,65,17335.0,52,0.8
2025-09-06,Campanario,Mediano,154,33230.0,121,0.7857
2025-09-06,Centro Sur,Chico,54,8750.0,38,0.7037
2025-09-06,Centro Sur,Grande,34,9185.0,31,0.9118
2025-09-06,Centro Sur,Mediano,97,21035.0,79,0.8144
2025-09-06,El Refugio,Chico,63,10415.0,49,0.7778
2025-09-06,El Refugio,Grande,43,11035.0,24,0.5581
2025-09-06,El Refugio,Mediano,130,27855.0,97,0.7462
2025-09-06,Jurica,Chico,64,10365.0,44,0.6875
2025-09-06,Jurica,Grande,31,8115.0,21,0.6774
2025-09-06,Jurica,Mediano,84,18055.0,65,0.7738
2025-09-06,Juriquilla,Chico,87,14335.0,66,0.7586
2025-09-06,Juriquilla,Grande,59,15565.0,44,0.7458
2025-09-06,Juriquilla,Mediano,170,36480.0,129,0.7588
2025-09-07,Campanario,Chico,89,14665.0,68,0.764
2025-09-07,Campanario,Grande,51,13245.0,33,0.6471
2025-09-07,Campanario,Mediano,170,36325.0,125,0.7353
2025-09-07,Centro Sur,Chico,49,8005.0,36,0.7347
2025-09-07,Centro Sur,Grande,48,12645.0,35,0.7292
2025-09-07,Centro Sur,Mediano,81,17515.0,65,0.8025
2025-09-07,El Refugio,Chico,71,11490.0,49,0.6901
2025-09-07,El Refugio,Grande,62,16485.0,50,0.8065
2025-09-07,El Refugio,Mediano,115,24515.0,84,0.7304
2025-09-07,Jurica,Chico,59,9435.0,38,0.6441
2025-09-07,Jurica,Grande,39,10265.0,28,0.7179
2025-09-07,Jurica,Mediano,95,20540.0,76,0.8
2025-09-07,Juriquilla,Chico,95,15745.0,75,0.7895
2025-09-07,Juriquilla,Grande,52,13965.0,45,0.8654
2025-09-07,Juriquilla,Mediano,135,29020.0,103,0.763
2025-09-08,Campanario,Chico,103,16795.0,75,0.7282
2025-09-08,Campanario,Grande,73,19065.0,49,0.6712
2025-09-08,Campanario,Mediano,177,38250.0,141,0.7966
2025-09-08,Centro Sur,Chico,78,12880.0,60,0.7692
2025-09-08,Centro Sur,Grande,42,11085.0,31,0.7381
2025-09-08,Centro Sur,Mediano,113,24495.0,92,0.8142
2025-09-08,El Refugio,Chico,85,13785.0,59,0.6941
2025-09-08,El Refugio,Grande,74,19440.0,52,0.7027
2025-09-08,El Refugio,Mediano,151,32230.0,111,0.7351
2025-09-08,Jurica,Chico,61,9925.0,43,0.7049
2025-09-08,Jurica,Grande,53,14060.0,41,0.7736
2025-09-08,Jurica,Mediano,112,24020.0,84,0.75
2025-09-08,Juriquilla,Chico,99,16410.0,78,0.7879
2025-09-08,Juriquilla,Grande,81,21325.0,59,0.7284
2025-09-08,Juriquilla,Mediano,154,33075.0,117,0.7597
2025-09-09,Campanario,Chico,98,16120.0,74,0.7551
2025-09-09,Campanario,Grande,65,17390.0,54,0.8308
2025-09-09,Campanario,Mediano,174,37140.0,127,0.7299
2025-09-09,Centro Sur,Chico,73,12090.0,57,0.7808
2025-09-09,Centro Sur,Grande,44,11645.0,34,0.7727
2025-09-09,Centro Sur,Mediano,121,26015.0,93,0.7686
2025-09-09,El Refugio,Chico,99,16380.0,77,0.7778
2025-09-09,El Refugio,Grande,58,15055.0,37,0.6379
2025-09-09,El Refugio,Mediano,143,30320.0,99,0.6923
2025-09-09,Jurica,Chico,66,10795.0,48,0.7273
2025-09-09,Jurica,Grande,34,8835.0,22,0.6471
2025-09-09,Jurica,Mediano,101,21825.0,80,0.7921
2025-09-09,Juriquilla,Chico,104,16945.0,75,0.7212
2025-09-09,Juriquilla,Grande,74,19320.0,49,0.6622
2025-09-09,Juriquilla,Mediano,183,39180.0,136,0.7432
2025-09-10,Campanario,Chico,97,15885.0,72,0.7423
2025-09-10,Campanario,Grande,69,18110.0,48,0.6957
2025-09-10,Campanario,Mediano,184,39325.0,136,0.7391
2025-09-10,Centro Sur,Chico,64,10775.0,55,0.8594
2025-09-10,Centro Sur,Grande,42,11115.0,32,0.7619
2025-09-10,Centro Sur,Mediano,101,21405.0,70,0.6931
2025-09-10,El Refugio,Chico,74,12010.0,52,0.7027
2025-09-10,El Refugio,Grande,55,14520.0,41,0.7455
2025-09-10,El Refugio,Mediano,142,30545.0,109,0.7676
2025-09-10,Jurica,Chico,51,8275.0,36,0.7059
2025-09-10,Jurica,Grande,41,10885.0,32,0.7805
2025-09-10,Jurica,Mediano,117,25190.0,91,0.7778
2025-09-10,Juriquilla,Chico,126,20845.0,98,0.7778
2025-09-10,Juriquilla,Grande,71,18710.0,52,0.7324
2025-09-10,Juriquilla,Mediano,194,41735.0,151,0.7784
2025-09-11,Campanario,Chico,105,17420.0,83,0.7905
2025-09-11,Campanario,Grande,63,16425.0,41,0.6508
2025-09-11,Campanario,Mediano,185,39550.0,137,0.7405
2025-09-11,Centro Sur,Chico,55,8945.0,39,0.7091
2025-09-11,Centro Sur,Grande,50,13090.0,34,0.68
2025-09-11,Centro Sur,Mediano,88,19065.0,71,0.8068
2025-09-11,El Refugio,Chico,85,13830.0,60,0.7059
2025-09-11,El Refugio,Grande,71,18980.0,59,0.831
2025-09-11,El Refugio,Mediano,149,31775.0,108,0.7248
2025-09-11,Jurica,Chico,70,11580.0,54,0.7714
2025-09-11,Jurica,Grande,44,11580.0,32,0.7273
2025-09-11,Jurica,Mediano,97,20830.0,74,0.7629
2025-09-11,Juriquilla,Chico,117,19285.0,89,0.7607
2025-09-11,Juriquilla,Grande,73,19335.0,56,0.7671
2025-09-11,Juriquilla,Mediano,188,40010.0,134,0.7128
2025-09-12,Campanario,Chico,92,14735.0,59,0.6413
2025-09-12,Campanario,Grande,74,19420.0,52,0.7027
2025-09-12,Campanario,Mediano,157,33675.0,119,0.758
2025-09-12,Centro Sur,Chico,55,9295.0,48,0.8727
2025-09-12,Centro Sur,Grande,34,8970.0,25,0.7353
2025-09-12,Centro Sur,Mediano,99,21035.0,71,0.7172
2025-09-12,El Refugio,Chico,76,12605.0,60,0.7895
2025-09-12,El Refugio,Grande,43,11275.0,30,0.6977
2025-09-12,El Refugio,Mediano,103,22250.0,82,0.7961
2025-09-12,Jurica,Chico,70,11695.0,57,0.8143
2025-09-12,Jurica,Grande,26,6870.0,20,0.7692
2025-09-12,Jurica,Mediano,95,20275.0,69,0.7263
2025-09-12,Juriquilla,Chico,105,17335.0,81,0.7714
2025-09-12,Juriquilla,Grande,73,19335.0,56,0.7671
2025-09-12,Juriquilla,Mediano,157,33775.0,122,0.7771
2025-09-13,Campanario,Chico,90,15135.0,77,0.8556
2025-09-13,Campanario,Grande,62,16265.0,44,0.7097
2025-09-13,Campanario,Mediano,163,35185.0,128,0.7853
2025-09-13,Centro Sur,Chico,60,9655.0,40,0.6667
2025-09-13,Centro Sur,Grande,41,10870.0,32,0.7805
2025-09-13,Centro Sur,Mediano,101,21765.0,79,0.7822
2025-09-13,El Refugio,Chico,76,12415.0,56,0.7368
2025-09-13,El Refugio,Grande,43,11390.0,33,0.7674
2025-09-13,El Refugio,Mediano,136,29350.0,107,0.7868
2025-09-13,Jurica,Chico,49,8050.0,37,0.7551
2025-09-13,Jurica,Grande,27,7015.0,17,0.6296
2025-09-13,Jurica,Mediano,94,20285.0,74,0.7872
2025-09-13,Juriquilla,Chico,99,16460.0,79,0.798
2025-09-13,Juriquilla,Grande,67,17620.0,48,0.7164
2025-09-13,Juriquilla,Mediano,156,33795.0,127,0.8141
2025-09-14,Campanario,Chico,98,15930.0,69,0.7041
2025-09-14,Campanario,Grande,63,16755.0,50,0.7937
2025-09-14,Campanario,Mediano,161,34595.0,124,0.7702
2025-09-14,Centro Sur,Chico,59,9495.0,40,0.678
2025-09-14,Centro Sur,Grande,29,7680.0,22,0.7586
2025-09-14,Centro Sur,Mediano,96,20435.0,68,0.7083
2025-09-14,El Refugio,Chico,60,9705.0,42,0.7
2025-09-14,El Refugio,Grande,48,12680.0,36,0.75
2025-09-14,El Refugio,Mediano,129,27620.0,98,0.7597
2025-09-14,Jurica,Chico,50,8230.0,38,0.76
2025-09-14,Jurica,Grande,42,10930.0,27,0.6429
2025-09-14,Jurica,Mediano,85,18165.0,62,0.7294
2025-09-14,Juriquilla,Chico,99,16235.0,74,0.7475
2025-09-14,Juriquilla,Grande,73,19355.0,56,0.7671
2025-09-14,Juriquilla,Mediano,165,35255.0,121,0.7333
2025-09-15,Campanario,Chico,99,16460.0,79,0.798
2025-09-15,Campanario,Grande,66,17435.0,49,0.7424
2025-09-15,Campanario,Mediano,189,41010.0,155,0.8201
2025-09-15,Centro Sur,Chico,65,10850.0,53,0.8154
2025-09-15,Centro Sur,Grande,41,10930.0,33,0.8049
2025-09-15,Centro Sur,Mediano,90,19235.0,66,0.7333
2025-09-15,El Refugio,Chico,88,14570.0,69,0.7841
2025-09-15,El Refugio,Grande,43,11515.0,36,0.8372
2025-09-15,El Refugio,Mediano,146,31035.0,103,0.7055
2025-09-15,Jurica,Chico,49,7965.0,35,0.7143
2025-09-15,Jurica,Grande,44,11510.0,30,0.6818
2025-09-15,Jurica,Mediano,86,18645.0,70,0.814
2025-09-15,Juriquilla,Chico,90,14705.0,66,0.7333
2025-09-15,Juriquilla,Grande,83,21855.0,60,0.7229
2025-09-15,Juriquilla,Mediano,173,37160.0,132,0.763
2025-09-16,Campanario,Chico,123,19980.0,86,0.6992
2025-09-16,Campanario,Grande,66,17820.0,59,0.8939
2025-09-16,Campanario,Mediano,171,36780.0,131,0.7661
2025-09-16,Centro Sur,Chico,63,10500.0,51,0.8095
2025-09-16,Centro Sur,Grande,49,12955.0,37,0.7551
2025-09-16,Centro Sur,Mediano,113,23820.0,75,0.6637
2025-09-16,El Refugio,Chico,90,14910.0,71,0.7889
2025-09-16,El Refugio,Grande,68,17900.0,50,0.7353
2025-09-16,El Refugio,Mediano,139,29510.0,97,0.6978
2025-09-16,Jurica,Chico,64,10390.0,45,0.7031
2025-09-16,Jurica,Grande,36,9710.0,32,0.8889
2025-09-16,Jurica,Mediano,105,22805.0,86,0.819
2025-09-16,Juriquilla,Chico,116,18955.0,84,0.7241
2025-09-16,Juriquilla,Grande,77,20435.0,60,0.7792
2025-09-16,Juriquilla,Mediano,175,37525.0,132,0.7543
2025-09-17,Campanario,Chico,106,17710.0,87,0.8208
2025-09-17,Campanario,Grande,74,19215.0,47,0.6351
2025-09-17,Campanario,Mediano,206,44375.0,161,0.7816
2025-09-17,Centro Sur,Chico,55,8995.0,40,0.7273
2025-09-17,Centro Sur,Grande,38,9945.0,26,0.6842
2025-09-17,Centro Sur,Mediano,109,23385.0,83,0.7615
2025-09-17,El Refugio,Chico,85,13955.0,64,0.7529
2025-09-17,El Refugio,Grande,60,15935.0,48,0.8
2025-09-17,El Refugio,Mediano,160,34185.0,117,0.7312
2025-09-17,Jurica,Chico,57,9320.0,42,0.7368
2025-09-17,Jurica,Grande,42,11130.0,32,0.7619
2025-09-17,Jurica,Mediano,111,23725.0,81,0.7297
2025-09-17,Juriquilla,Chico,93,14990.0,63,0.6774
2025-09-17,Juriquilla,Grande,71,18855.0,56,0.7887
2025-09-17,Juriquilla,Mediano,185,39810.0,143,0.773
2025-09-18,Campanario,Chico,96,15940.0,76,0.7917
2025-09-18,Campanario,Grande,72,19055.0,55,0.7639
2025-09-18,Campanario,Mediano,187,40240.0,144,0.7701
2025-09-18,Centro Sur,Chico,75,12255.0,54,0.72
2025-09-18,Centro Sur,Grande,39,10250.0,28,0.7179
2025-09-18,Centro Sur,Mediano,118,25430.0,93,0.7881
2025-09-18,El Refugio,Chico,88,14535.0,68,0.7727
2025-09-18,El Refugio,Grande,60,15935.0,47,0.7833
2025-09-18,El Refugio,Mediano,153,32675.0,112,0.732
2025-09-18,Jurica,Chico,51,8230.0,35,0.6863
2025-09-18,Jurica,Grande,45,11975.0,36,0.8
2025-09-18,Jurica,Mediano,101,21495.0,72,0.7129
2025-09-18,Juriquilla,Chico,99,16295.0,75,0.7576
2025-09-18,Juriquilla,Grande,66,17435.0,49,0.7424
2025-09-18,Juriquilla,Mediano,184,38930.0,125,0.6793
2025-09-19,Campanario,Chico,85,14100.0,67,0.7882
2025-09-19,Campanario,Grande,70,18490.0,52,0.7429
2025-09-19,Campanario,Mediano,161,34625.0,124,0.7702
2025-09-19,Centro Sur,Chico,54,8785.0,38,0.7037
2025-09-19,Centro Sur,Grande,35,9235.0,26,0.7429
2025-09-19,Centro Sur,Mediano,88,18670.0,61,0.6932
2025-09-19,El Refugio,Chico,76,12235.0,51,0.6711
2025-09-19,El Refugio,Grande,54,14275.0,41,0.7593
2025-09-19,El Refugio,Mediano,125,26830.0,95,0.76
2025-09-19,Jurica,Chico,52,8435.0,36,0.6923
2025-09-19,Jurica,Grande,40,10605.0,31,0.775
2025-09-19,Jurica,Mediano,115,24410.0,80,0.6957
2025-09-19,Juriquilla,Chico,83,13420.0,57,0.6867
2025-09-19,Juriquilla,Grande,63,17025.0,57,0.9048
2025-09-19,Juriquilla,Mediano,152,32645.0,116,0.7632
2025-09-20,Campanario,Chico,87,14440.0,69,0.7931
2025-09-20,Campanario,Grande,64,16900.0,47,0.7344
2025-09-20,Campanario,Mediano,158,34030.0,123,0.7785
2025-09-20,Centro Sur,Chico,62,10265.0,49,0.7903
2025-09-20,Centro Sur,Grande,32,8535.0,26,0.8125
2025-09-20,Centro Sur,Mediano,92,19900.0,74,0.8043
2025-09-20,El Refugio,Chico,76,12650.0,62,0.8158
2025-09-20,El Refugio,Grande,58,15440.0,46,0.7931
2025-09-20,El Refugio,Mediano,150,32355.0,118,0.7867
2025-09-20,Jurica,Chico,46,7620.0,36,0.7826
2025-09-20,Jurica,Grande,33,8700.0,24,0.7273
2025-09-20,Jurica,Mediano,78,16650.0,57,0.7308
2025-09-20,Juriquilla,Chico,98,16090.0,74,0.7551
2025-09-20,Juriquilla,Grande,65,17165.0,49,0.7538
2025-09-20,Juriquilla,Mediano,142,30640.0,112,0.7887
2025-09-21,Campanario,Chico,92,15210.0,72,0.7826
2025-09-21,Campanario,Grande,60,15725.0,41,0.6833
2025-09-21,Campanario,Mediano,162,34805.0,124,0.7654
2025-09-21,Centro Sur,Chico,55,8905.0,38,0.6909
2025-09-21,Centro Sur,Grande,39,10210.0,27,0.6923
2025-09-21,Centro Sur,Mediano,95,20265.0,69,0.7263
2025-09-21,El Refugio,Chico,67,11100.0,53,0.791
2025-09-21,El Refugio,Grande,45,11960.0,35,0.7778
2025-09-21,El Refugio,Mediano,140,29950.0,104,0.7429
2025-09-21,Jurica,Chico,54,9030.0,44,0.8148
2025-09-21,Jurica,Grande,37,9715.0,26,0.7027
2025-09-21,Jurica,Mediano,95,20535.0,76,0.8
2025-09-21,Juriquilla,Chico,82,13455.0,62,0.7561
2025-09-21,Juriquilla,Grande,72,18935.0,52,0.7222
2025-09-21,Juriquilla,Mediano,163,34785.0,119,0.7301
2025-09-22,Campanario,Chico,119,19390.0,86,0.7227
2025-09-22,Campanario,Grande,78,20745.0,62,0.7949
2025-09-22,Campanario,Mediano,174,37490.0,135,0.7759
2025-09-22,Centro Sur,Chico,75,12330.0,57,0.76
2025-09-22,Centro Sur,Grande,43,11385.0,33,0.7674
2025-09-22,Centro Sur,Mediano,108,23420.0,88,0.8148
2025-09-22,El Refugio,Chico,99,16200.0,73,0.7374
2025-09-22,El Refugio,Grande,55,14550.0,42,0.7636
2025-09-22,El Refugio,Mediano,141,30170.0,105,0.7447
2025-09-22,Jurica,Chico,72,11740.0,52,0.7222
2025-09-22,Jurica,Grande,48,12790.0,38,0.7917
2025-09-22,Jurica,Mediano,97,20835.0,74,0.7629
2025-09-22,Juriquilla,Chico,113,18405.0,81,0.7168
2025-09-22,Juriquilla,Grande,73,19240.0,53,0.726
2025-09-22,Juriquilla,Mediano,168,35735.0,120,0.7143
2025-09-23,Campanario,Chico,108,17735.0,81,0.75
2025-09-23,Campanario,Grande,65,17100.0,47,0.7231
2025-09-23,Campanario,Mediano,191,40930.0,144,0.7539
2025-09-23,Centro Sur,Chico,72,11735.0,51,0.7083
2025-09-23,Centro Sur,Grande,39,10180.0,26,0.6667
2025-09-23,Centro Sur,Mediano,112,23850.0,80,0.7143
2025-09-23,El Refugio,Chico,90,14805.0,68,0.7556
2025-09-23,El Refugio,Grande,62,16270.0,44,0.7097
2025-09-23,El Refugio,Mediano,149,31905.0,111,0.745
2025-09-23,Jurica,Chico,60,9890.0,46,0.7667
2025-09-23,Jurica,Grande,48,12675.0,36,0.75
2025-09-23,Jurica,Mediano,119,25705.0,94,0.7899
2025-09-23,Juriquilla,Chico,113,18695.0,88,0.7788
2025-09-23,Juriquilla,Grande,77,20300.0,57,0.7403
2025-09-23,Juriquilla,Mediano,191,41420.0,156,0.8168
2025-09-24,Campanario,Chico,100,16655.0,81,0.81
2025-09-24,Campanario,Grande,72,19150.0,57,0.7917
2025-09-24,Campanario,Mediano,174,37380.0,133,0.7644
2025-09-24,Centro Sur,Chico,73,12035.0,56,0.7671
2025-09-24,Centro Sur,Grande,52,13800.0,41,0.7885
2025-09-24,Centro Sur,Mediano,103,22145.0,79,0.767
2025-09-24,El Refugio,Chico,93,15330.0,71,0.7634
2025-09-24,El Refugio,Grande,57,15160.0,45,0.7895
2025-09-24,El Refugio,Mediano,163,35035.0,125,0.7669
2025-09-24,Jurica,Chico,54,8885.0,41,0.7593
2025-09-24,Jurica,Grande,38,9935.0,26,0.6842
2025-09-24,Jurica,Mediano,117,25010.0,86,0.735
2025-09-24,Juriquilla,Chico,99,16605.0,83,0.8384
2025-09-24,Juriquilla,Grande,81,21540.0,64,0.7901
2025-09-24,Juriquilla,Mediano,198,42980.0,163,0.8232
2025-09-25,Campanario,Chico,97,15930.0,73,0.7526
2025-09-25,Campanario,Grande,90,23820.0,68,0.7556
2025-09-25,Campanario,Mediano,164,35610.0,135,0.8232
2025-09-25,Centro Sur,Chico,74,12220.0,58,0.7838
2025-09-25,Centro Sur,Grande,37,9860.0,30,0.8108
2025-09-25,Centro Sur,Mediano,107,22840.0,78,0.729
2025-09-25,El Refugio,Chico,78,12835.0,59,0.7564
2025-09-25,El Refugio,Grande,48,12545.0,32,0.6667
2025-09-25,El Refugio,Mediano,152,32540.0,113,0.7434
2025-09-25,Jurica,Chico,74,12110.0,55,0.7432
2025-09-25,Jurica,Grande,50,13305.0,40,0.8
2025-09-25,Jurica,Mediano,113,24005.0,79,0.6991
2025-09-25,Juriquilla,Chico,108,17840.0,84,0.7778
2025-09-25,Juriquilla,Grande,80,21010.0,56,0.7
2025-09-25,Juriquilla,Mediano,179,38130.0,129,0.7207
2025-09-26,Campanario,Chico,96,15495.0,65,0.6771
2025-09-26,Campanario,Grande,59,15710.0,47,0.7966
2025-09-26,Campanario,Mediano,140,30185.0,110,0.7857
2025-09-26,Centro Sur,Chico,53,8725.0,40,0.7547
2025-09-26,Centro Sur,Grande,34,8825.0,21,0.6176
2025-09-26,Centro Sur,Mediano,93,19910.0,69,0.7419
2025-09-26,El Refugio,Chico,69,11650.0,59,0.8551
2025-09-26,El Refugio,Grande,43,11400.0,33,0.7674
2025-09-26,El Refugio,Mediano,110,23425.0,79,0.7182
2025-09-26,Jurica,Chico,63,10255.0,45,0.7143
2025-09-26,Jurica,Grande,37,9760.0,27,0.7297
2025-09-26,Jurica,Mediano,91,19630.0,71,0.7802
2025-09-26,Juriquilla,Chico,83,13570.0,61,0.7349
2025-09-26,Juriquilla,Grande,59,15600.0,45,0.7627
2025-09-26,Juriquilla,Mediano,175,37980.0,143,0.8171
2025-09-27,Campanario,Chico,76,12775.0,64,0.8421
2025-09-27,Campanario,Grande,63,16480.0,43,0.6825
2025-09-27,Campanario,Mediano,133,28495.0,100,0.7519
2025-09-27,Centro Sur,Chico,59,9605.0,42,0.7119
2025-09-27,Centro Sur,Grande,35,9280.0,27,0.7714
2025-09-27,Centro Sur,Mediano,110,23570.0,83,0.7545
2025-09-27,El Refugio,Chico,59,9610.0,42,0.7119
2025-09-27,El Refugio,Grande,49,13160.0,42,0.8571
2025-09-27,El Refugio,Mediano,104,22400.0,81,0.7788
2025-09-27,Jurica,Chico,56,9120.0,40,0.7143
2025-09-27,Jurica,Grande,38,10255.0,34,0.8947
2025-09-27,Jurica,Mediano,101,21655.0,76,0.7525
2025-09-27,Juriquilla,Chico,61,10020.0,46,0.7541
2025-09-27,Juriquilla,Grande,42,11120.0,32,0.7619
2025-09-27,Juriquilla,Mediano,135,28910.0,102,0.7556
2025-09-28,Campanario,Chico,85,14020.0,65,0.7647
2025-09-28,Campanario,Grande,57,15010.0,41,0.7193
2025-09-28,Campanario,Mediano,146,31185.0,107,0.7329
2025-09-28,Centro Sur,Chico,57,9105.0,36,0.6316
2025-09-28,Centro Sur,Grande,38,10170.0,32,0.8421
2025-09-28,Centro Sur,Mediano,88,19080.0,72,0.8182
2025-09-28,El Refugio,Chico,69,11470.0,55,0.7971
2025-09-28,El Refugio,Grande,47,12475.0,37,0.7872
2025-09-28,El Refugio,Mediano,133,28385.0,98,0.7368
2025-09-28,Jurica,Chico,52,8550.0,39,0.75
2025-09-28,Jurica,Grande,34,9015.0,26,0.7647
2025-09-28,Jurica,Mediano,86,18335.0,62,0.7209
2025-09-28,Juriquilla,Chico,85,14160.0,69,0.8118
2025-09-28,Juriquilla,Grande,58,15490.0,48,0.8276
2025-09-28,Juriquilla,Mediano,151,32230.0,110,0.7285
2025-09-29,Campanario,Chico,131,21285.0,92,0.7023
2025-09-29,Campanario,Grande,82,21645.0,61,0.7439
2025-09-29,Campanario,Mediano,176,37765.0,133,0.7557
2025-09-29,Centro Sur,Chico,52,8245.0,32,0.6154
2025-09-29,Centro Sur,Grande,41,10885.0,32,0.7805
2025-09-29,Centro Sur,Mediano,99,21065.0,70,0.7071
2025-09-29,El Refugio,Chico,86,14200.0,67,0.7791
2025-09-29,El Refugio,Grande,73,19155.0,52,0.7123
2025-09-29,El Refugio,Mediano,143,30415.0,102,0.7133
2025-09-29,Jurica,Chico,55,9005.0,40,0.7273
2025-09-29,Jurica,Grande,53,14085.0,42,0.7925
2025-09-29,Jurica,Mediano,107,22800.0,77,0.7196
2025-09-29,Juriquilla,Chico,107,17670.0,83,0.7757
2025-09-29,Juriquilla,Grande,78,20355.0,52,0.6667
2025-09-29,Juriquilla,Mediano,187,40075.0,140,0.7487
2025-09-30,Campanario,Chico,103,16760.0,73,0.7087
2025-09-30,Campanario,Grande,73,19350.0,56,0.7671
2025-09-30,Campanario,Mediano,184,39880.0,149,0.8098
2025-09-30,Centro Sur,Chico,73,12105.0,57,0.7808
2025-09-30,Centro Sur,Grande,35,9225.0,26,0.7429
2025-09-30,Centro Sur,Mediano,122,26360.0,97,0.7951
2025-09-30,El Refugio,Chico,104,17050.0,77,0.7404
2025-09-30,El Refugio,Grande,53,14055.0,41,0.7736
2025-09-30,El Refugio,Mediano,150,31910.0,106,0.7067
2025-09-30,Jurica,Chico,74,12335.0,60,0.8108
2025-09-30,Jurica,Grande,44,11695.0,35,0.7955
2025-09-30,Jurica,Mediano,102,21560.0,69,0.6765
2025-09-30,Juriquilla,Chico,126,20980.0,102,0.8095
2025-09-30,Juriquilla,Grande,57,15385.0,51,0.8947
2025-09-30,Juriquilla,Mediano,160,34045.0,113,0.7062
2025-10-01,Campanario,Chico,119,19275.0,82,0.6891
2025-10-01,Campanario,Grande,82,21815.0,65,0.7927
2025-10-01,Campanario,Mediano,174,37520.0,136,0.7816
2025-10-01,Centro Sur,Chico,71,11435.0,48,0.6761
2025-10-01,Centro Sur,Grande,35,9165.0,24,0.6857
2025-10-01,Centro Sur,Mediano,105,22445.0,77,0.7333
2025-10-01,El Refugio,Chico,94,15390.0,69,0.734
2025-10-01,El Refugio,Grande,76,20240.0,61,0.8026
2025-10-01,El Refugio,Mediano,144,30760.0,106,0.7361
2025-10-01,Jurica,Chico,53,8930.0,45,0.8491
2025-10-01,Jurica,Grande,47,12355.0,34,0.7234
2025-10-01,Jurica,Mediano,104,22230.0,77,0.7404
2025-10-01,Juriquilla,Chico,108,17720.0,81,0.75
2025-10-01,Juriquilla,Grande,58,15370.0,45,0.7759
2025-10-01,Juriquilla,Mediano,186,39920.0,141,0.7581
2025-10-02,Campanario,Chico,114,18805.0,87,0.7632
2025-10-02,Campanario,Grande,85,22495.0,64,0.7529
2025-10-02,Campanario,Mediano,194,41645.0,148,0.7629
2025-10-02,Centro Sur,Chico,59,9795.0,46,0.7797
2025-10-02,Centro Sur,Grande,49,13075.0,40,0.8163
2025-10-02,Centro Sur,Mediano,99,21265.0,75,0.7576
2025-10-02,El Refugio,Chico,88,14630.0,70,0.7955
2025-10-02,El Refugio,Grande,64,16765.0,44,0.6875
2025-10-02,El Refugio,Mediano,131,27690.0,88,0.6718
2025-10-02,Jurica,Chico,57,9215.0,39,0.6842
2025-10-02,Jurica,Grande,44,11680.0,35,0.7955
2025-10-02,Jurica,Mediano,108,23085.0,80,0.7407
2025-10-02,Juriquilla,Chico,113,18350.0,79,0.6991
2025-10-02,Juriquilla,Grande,70,18595.0,55,0.7857
2025-10-02,Juriquilla,Mediano,184,39495.0,140,0.7609
2025-10-03,Campanario,Chico,94,15645.0,76,0.8085
2025-10-03,Campanario,Grande,61,16250.0,49,0.8033
2025-10-03,Campanario,Mediano,153,32895.0,116,0.7582
2025-10-03,Centro Sur,Chico,58,9565.0,45,0.7759
2025-10-03,Centro Sur,Grande,35,9315.0,28,0.8
2025-10-03,Centro Sur,Mediano,92,19815.0,71,0.7717
2025-10-03,El Refugio,Chico,74,12030.0,52,0.7027
2025-10-03,El Refugio,Grande,43,11225.0,29,0.6744
2025-10-03,El Refugio,Mediano,102,21675.0,72,0.7059
2025-10-03,Jurica,Chico,60,9985.0,49,0.8167
2025-10-03,Jurica,Grande,39,10495.0,34,0.8718
2025-10-03,Jurica,Mediano,108,22995.0,77,0.713
2025-10-03,Juriquilla,Chico,84,13820.0,64,0.7619
2025-10-03,Juriquilla,Grande,51,13465.0,38,0.7451
2025-10-03,Juriquilla,Mediano,158,33985.0,122,0.7722
2025-10-04,Campanario,Chico,99,16250.0,74,0.7475
2025-10-04,Campanario,Grande,52,13760.0,40,0.7692
2025-10-04,Campanario,Mediano,138,29750.0,108,0.7826
2025-10-04,Centro Sur,Chico,55,9025.0,42,0.7636
2025-10-04,Centro Sur,Grande,40,10590.0,31,0.775
2025-10-04,Centro Sur,Mediano,86,18495.0,66,0.7674
2025-10-04,El Refugio,Chico,62,10245.0,48,0.7742
2025-10-04,El Refugio,Grande,51,13505.0,39,0.7647
2025-10-04,El Refugio,Mediano,148,31750.0,112,0.7568
2025-10-04,Jurica,Chico,50,8305.0,40,0.8
2025-10-04,Jurica,Grande,42,11285.0,36,0.8571
2025-10-04,Jurica,Mediano,76,15960.0,49,0.6447
2025-10-04,Juriquilla,Chico,95,15775.0,76,0.8
2025-10-04,Juriquilla,Grande,61,15995.0,42,0.6885
2025-10-04,Juriquilla,Mediano,133,28635.0,103,0.7744
2025-10-05,Campanario,Chico,115,18970.0,88,0.7652
2025-10-05,Campanario,Grande,63,16360.0,40,0.6349
2025-10-05,Campanario,Mediano,153,32440.0,106,0.6928
2025-10-05,Centro Sur,Chico,56,9430.0,48,0.8571
2025-10-05,Centro Sur,Grande,32,8420.0,23,0.7188
2025-10-05,Centro Sur,Mediano,89,19010.0,65,0.7303
2025-10-05,El Refugio,Chico,95,15485.0,68,0.7158
2025-10-05,El Refugio,Grande,48,12725.0,37,0.7708
2025-10-05,El Refugio,Mediano,128,27320.0,94,0.7344
2025-10-05,Jurica,Chico,57,9135.0,37,0.6491
2025-10-05,Jurica,Grande,46,12165.0,35,0.7609
2025-10-05,Jurica,Mediano,85,18340.0,67,0.7882
2025-10-05,Juriquilla,Chico,95,15580.0,71,0.7474
2025-10-05,Juriquilla,Grande,54,14245.0,39,0.7222
2025-10-05,Juriquilla,Mediano,139,30205.0,115,0.8273
2025-10-06,Campanario,Chico,108,17860.0,84,0.7778
2025-10-06,Campanario,Grande,78,20495.0,56,0.7179
2025-10-06,Campanario,Mediano,203,43660.0,156,0.7685
2025-10-06,Centro Sur,Chico,58,9515.0,43,0.7414
2025-10-06,Centro Sur,Grande,43,11265.0,30,0.6977
2025-10-06,Centro Sur,Mediano,104,22305.0,79,0.7596
2025-10-06,El Refugio,Chico,72,11830.0,54,0.75
2025-10-06,El Refugio,Grande,61,16290.0,50,0.8197
2025-10-06,El Refugio,Mediano,173,37000.0,128,0.7399
2025-10-06,Jurica,Chico,69,11155.0,47,0.6812
2025-10-06,Jurica,Grande,41,10785.0,30,0.7317
2025-10-06,Jurica,Mediano,108,23170.0,82,0.7593
2025-10-06,Juriquilla,Chico,83,13610.0,62,0.747
2025-10-06,Juriquilla,Grande,78,20755.0,62,0.7949
2025-10-06,Juriquilla,Mediano,181,38360.0,125,0.6906
2025-10-07,Campanario,Chico,95,15730.0,76,0.8
2025-10-07,Campanario,Grande,71,18705.0,52,0.7324
2025-10-07,Campanario,Mediano,186,39855.0,140,0.7527
2025-10-07,Centro Sur,Chico,78,12690.0,55,0.7051
2025-10-07,Centro Sur,Grande,55,14675.0,45,0.8182
2025-10-07,Centro Sur,Mediano,117,24885.0,84,0.7179
2025-10-07,El Refugio,Chico,82,13405.0,60,0.7317
2025-10-07,El Refugio,Grande,51,13445.0,37,0.7255
2025-10-07,El Refugio,Mediano,148,31700.0,112,0.7568
2025-10-07,Jurica,Chico,71,11690.0,54,0.7606
2025-10-07,Jurica,Grande,41,10650.0,26,0.6341
2025-10-07,Jurica,Mediano,104,22135.0,74,0.7115
2025-10-07,Juriquilla,Chico,98,15865.0,67,0.6837
2025-10-07,Juriquilla,Grande,73,19310.0,55,0.7534
2025-10-07,Juriquilla,Mediano,181,38510.0,128,0.7072
2025-10-08,Campanario,Chico,101,16530.0,75,0.7426
2025-10-08,Campanario,Grande,64,16880.0,47,0.7344
2025-10-08,Campanario,Mediano,169,36015.0,122,0.7219
2025-10-08,Centro Sur,Chico,72,11670.0,50,0.6944
2025-10-08,Centro Sur,Grande,44,11450.0,28,0.6364
2025-10-08,Centro Sur,Mediano,105,22245.0,72,0.6857
2025-10-08,El Refugio,Chico,84,13900.0,66,0.7857
2025-10-08,El Refugio,Grande,72,18915.0,51,0.7083
2025-10-08,El Refugio,Mediano,165,35310.0,123,0.7455
2025-10-08,Jurica,Chico,70,11400.0,50,0.7143
2025-10-08,Jurica,Grande,45,11980.0,36,0.8
2025-10-08,Jurica,Mediano,114,24250.0,81,0.7105
2025-10-08,Juriquilla,Chico,96,15490.0,65,0.6771
2025-10-08,Juriquilla,Grande,75,19885.0,58,0.7733
2025-10-08,Juriquilla,Mediano,199,42725.0,151,0.7588
2025-10-09,Campanario,Chico,106,16965.0,69,0.6509
2025-10-09,Campanario,Grande,65,17125.0,48,0.7385
2025-10-09,Campanario,Mediano,180,38210.0,126,0.7
2025-10-09,Centro Sur,Chico,49,7935.0,34,0.6939
2025-10-09,Centro Sur,Grande,37,9870.0,30,0.8108
2025-10-09,Centro Sur,Mediano,104,22180.0,75,0.7212
2025-10-09,El Refugio,Chico,99,16135.0,71,0.7172
2025-10-09,El Refugio,Grande,66,17190.0,43,0.6515
2025-10-09,El Refugio,Mediano,148,31275.0,100,0.6757
2025-10-09,Jurica,Chico,69,11495.0,56,0.8116
2025-10-09,Jurica,Grande,49,12825.0,34,0.6939
2025-10-09,Jurica,Mediano,102,21735.0,73,0.7157
2025-10-09,Juriquilla,Chico,102,16695.0,75,0.7353
2025-10-09,Juriquilla,Grande,72,19060.0,55,0.7639
2025-10-09,Juriquilla,Mediano,201,42925.0,147,0.7313
2025-10-10,Campanario,Chico,104,17050.0,77,0.7404
2025-10-10,Campanario,Grande,79,20860.0,59,0.7468
2025-10-10,Campanario,Mediano,178,37770.0,124,0.6966
2025-10-10,Centro Sur,Chico,53,8570.0,36,0.6792
2025-10-10,Centro Sur,Grande,29,7640.0,21,0.7241
2025-10-10,Centro Sur,Mediano,92,19625.0,67,0.7283
2025-10-10,El Refugio,Chico,78,12810.0,58,0.7436
2025-10-10,El Refugio,Grande,53,14035.0,41,0.7736
2025-10-10,El Refugio,Mediano,135,29335.0,111,0.8222
2025-10-10,Jurica,Chico,52,8580.0,40,0.7692
2025-10-10,Jurica,Grande,44,11705.0,35,0.7955
2025-10-10,Jurica,Mediano,103,21875.0,73,0.7087
2025-10-10,Juriquilla,Chico,103,16850.0,76,0.7379
2025-10-10,Juriquilla,Grande,71,18765.0,53,0.7465
2025-10-10,Juriquilla,Mediano,161,34545.0,122,0.7578
2025-10-11,Campanario,Chico,108,17610.0,78,0.7222
2025-10-11,Campanario,Grande,63,16930.0,54,0.8571
2025-10-11,Campanario,Mediano,148,31695.0,110,0.7432
2025-10-11,Centro Sur,Chico,52,8490.0,38,0.7308
2025-10-11,Centro Sur,Grande,43,11400.0,33,0.7674
2025-10-11,Centro Sur,Mediano,100,21605.0,79,0.79
2025-10-11,El Refugio,Chico,78,12740.0,57,0.7308
2025-10-11,El Refugio,Grande,44,11580.0,32,0.7273
2025-10-11,El Refugio,Mediano,128,27495.0,98,0.7656
2025-10-11,Jurica,Chico,55,9025.0,41,0.7455
2025-10-11,Jurica,Grande,26,6735.0,16,0.6154
2025-10-11,Jurica,Mediano,96,20485.0,70,0.7292
2025-10-11,Juriquilla,Chico,103,16990.0,79,0.767
2025-10-11,Juriquilla,Grande,64,17110.0,53,0.8281
2025-10-11,Juriquilla,Mediano,170,36625.0,133,0.7824
2025-10-12,Campanario,Chico,97,16030.0,75,0.7732
2025-10-12,Campanario,Grande,66,17290.0,46,0.697
2025-10-12,Campanario,Mediano,171,36895.0,135,0.7895
2025-10-12,Centro Sur,Chico,53,8635.0,38,0.717
2025-10-12,Centro Sur,Grande,29,7810.0,25,0.8621
2025-10-12,Centro Sur,Mediano,88,18650.0,61,0.6932
2025-10-12,El Refugio,Chico,70,11335.0,48,0.6857
2025-10-12,El Refugio,Grande,60,15905.0,46,0.7667
2025-10-12,El Refugio,Mediano,116,24740.0,84,0.7241
2025-10-12,Jurica,Chico,59,9430.0,38,0.6441
2025-10-12,Jurica,Grande,38,10150.0,31,0.8158
2025-10-12,Jurica,Mediano,97,20855.0,74,0.7629
2025-10-12,Juriquilla,Chico,110,18075.0,82,0.7455
2025-10-12,Juriquilla,Grande,55,14695.0,46,0.8364
2025-10-12,Juriquilla,Mediano,137,29155.0,98,0.7153
2025-10-13,Campanario,Chico,92,15170.0,70,0.7609
2025-10-13,Campanario,Grande,84,22340.0,67,0.7976
2025-10-13,Campanario,Mediano,170,36445.0,129,0.7588
2025-10-13,Centro Sur,Chico,59,9760.0,46,0.7797
2025-10-13,Centro Sur,Grande,40,10530.0,29,0.725
2025-10-13,Centro Sur,Mediano,89,19065.0,67,0.7528
2025-10-13,El Refugio,Chico,85,13780.0,59,0.6941
2025-10-13,El Refugio,Grande,63,16570.0,45,0.7143
2025-10-13,El Refugio,Mediano,181,38825.0,136,0.7514
2025-10-13,Jurica,Chico,70,11305.0,47,0.6714
2025-10-13,Jurica,Grande,44,11740.0,36,0.8182
2025-10-13,Jurica,Mediano,118,25130.0,84,0.7119
2025-10-13,Juriquilla,Chico,106,17375.0,78,0.7358
2025-10-13,Juriquilla,Grande,70,18800.0,60,0.8571
2025-10-13,Juriquilla,Mediano,195,42105.0,153,0.7846
2025-10-14,Campanario,Chico,114,18970.0,92,0.807
2025-10-14,Campanario,Grande,85,22635.0,69,0.8118
2025-10-14,Campanario,Mediano,170,36390.0,127,0.7471
2025-10-14,Centro Sur,Chico,58,9410.0,40,0.6897
2025-10-14,Centro Sur,Grande,37,9720.0,26,0.7027
2025-10-14,Centro Sur,Mediano,126,27425.0,105,0.8333
2025-10-14,El Refugio,Chico,107,17740.0,84,0.785
2025-10-14,El Refugio,Grande,52,13740.0,39,0.75
2025-10-14,El Refugio,Mediano,136,29405.0,109,0.8015
2025-10-14,Jurica,Chico,65,10420.0,42,0.6462
2025-10-14,Jurica,Grande,50,13215.0,38,0.76
2025-10-14,Jurica,Mediano,114,24335.0,83,0.7281
2025-10-14,Juriquilla,Chico,114,18880.0,90,0.7895
2025-10-14,Juriquilla,Grande,72,18760.0,47,0.6528
2025-10-14,Juriquilla,Mediano,197,42165.0,147,0.7462
2025-10-15,Campanario,Chico,96,15615.0,69,0.7188
2025-10-15,Campanario,Grande,79,20900.0,60,0.7595
2025-10-15,Campanario,Mediano,187,40095.0,141,0.754
2025-10-15,Centro Sur,Chico,61,10200.0,50,0.8197
2025-10-15,Centro Sur,Grande,45,11900.0,34,0.7556
2025-10-15,Centro Sur,Mediano,106,22650.0,78,0.7358
2025-10-15,El Refugio,Chico,87,14485.0,70,0.8046
2025-10-15,El Refugio,Grande,59,15340.0,38,0.6441
2025-10-15,El Refugio,Mediano,136,29190.0,104,0.7647
2025-10-15,Jurica,Chico,65,10835.0,52,0.8
2025-10-15,Jurica,Grande,41,11005.0,35,0.8537
2025-10-15,Jurica,Mediano,94,19880.0,64,0.6809
2025-10-15,Juriquilla,Chico,126,20995.0,102,0.8095
2025-10-15,Juriquilla,Grande,73,19550.0,61,0.8356
2025-10-15,Juriquilla,Mediano,177,37860.0,132,0.7458
2025-10-16,Campanario,Chico,108,17980.0,87,0.8056
2025-10-16,Campanario,Grande,70,18495.0,53,0.7571
2025-10-16,Campanario,Mediano,168,36045.0,126,0.75
2025-10-16,Centro Sur,Chico,74,12265.0,58,0.7838
2025-10-16,Centro Sur,Grande,53,13965.0,39,0.7358
2025-10-16,Centro Sur,Mediano,108,23115.0,81,0.75
2025-10-16,El Refugio,Chico,92,15180.0,71,0.7717
2025-10-16,El Refugio,Grande,76,20295.0,63,0.8289
2025-10-16,El Refugio,Mediano,130,27675.0,92,0.7077
2025-10-16,Jurica,Chico,70,11630.0,56,0.8
2025-10-16,Jurica,Grande,47,12500.0,37,0.7872
2025-10-16,Jurica,Mediano,104,22310.0,79,0.7596
2025-10-16,Juriquilla,Chico,125,20685.0,98,0.784
2025-10-16,Juriquilla,Grande,67,17730.0,51,0.7612
2025-10-16,Juriquilla,Mediano,166,35760.0,130,0.7831
2025-10-17,Campanario,Chico,86,13870.0,58,0.6744
2025-10-17,Campanario,Grande,68,18045.0,53,0.7794
2025-10-17,Campanario,Mediano,168,35805.0,122,0.7262
2025-10-17,Centro Sur,Chico,67,10775.0,44,0.6567
2025-10-17,Centro Sur,Grande,37,9760.0,27,0.7297
2025-10-17,Centro Sur,Mediano,82,17695.0,64,0.7805
2025-10-17,El Refugio,Chico,60,10050.0,50,0.8333
2025-10-17,El Refugio,Grande,47,12265.0,31,0.6596
2025-10-17,El Refugio,Mediano,133,28550.0,100,0.7519
2025-10-17,Jurica,Chico,48,7670.0,31,0.6458
2025-10-17,Jurica,Grande,31,8135.0,22,0.7097
2025-10-17,Jurica,Mediano,85,18295.0,66,0.7765
2025-10-17,Juriquilla,Chico,93,15360.0,72,0.7742
2025-10-17,Juriquilla,Grande,59,15630.0,45,0.7627
2025-10-17,Juriquilla,Mediano,170,36215.0,122,0.7176
2025-10-18,Campanario,Chico,95,15450.0,67,0.7053
2025-10-18,Campanario,Grande,60,15835.0,44,0.7333
2025-10-18,Campanario,Mediano,160,34385.0,123,0.7688
2025-10-18,Centro Sur,Chico,48,7900.0,37,0.7708
2025-10-18,Centro Sur,Grande,40,10535.0,29,0.725
2025-10-18,Centro Sur,Mediano,79,16670.0,53,0.6709
2025-10-18,El Refugio,Chico,51,8260.0,35,0.6863
2025-10-18,El Refugio,Grande,64,16830.0,46,0.7188
2025-10-18,El Refugio,Mediano,118,25635.0,98,0.8305
2025-10-18,Jurica,Chico,43,7165.0,35,0.814
2025-10-18,Jurica,Grande,36,9460.0,26,0.7222
2025-10-18,Jurica,Mediano,88,18615.0,60,0.6818
2025-10-18,Juriquilla,Chico,87,13885.0,55,0.6322
2025-10-18,Juriquilla,Grande,70,18470.0,52,0.7429
2025-10-18,Juriquilla,Mediano,165,35230.0,121,0.7333
2025-10-19,Campanario,Chico,88,14295.0,63,0.7159
2025-10-19,Campanario,Grande,69,17995.0,45,0.6522
2025-10-19,Campanario,Mediano,139,29795.0,104,0.7482
2025-10-19,Centro Sur,Chico,54,8980.0,43,0.7963
2025-10-19,Centro Sur,Grande,41,10880.0,32,0.7805
2025-10-19,Centro Sur,Mediano,93,19850.0,68,0.7312
2025-10-19,El Refugio,Chico,80,13155.0,60,0.75
2025-10-19,El Refugio,Grande,35,9305.0,28,0.8
2025-10-19,El Refugio,Mediano,140,29840.0,102,0.7286
2025-10-19,Jurica,Chico,43,7260.0,38,0.8837
2025-10-19,Jurica,Grande,38,10000.0,27,0.7105
2025-10-19,Jurica,Mediano,77,16505.0,58,0.7532
2025-10-19,Juriquilla,Chico,96,15650.0,69,0.7188
2025-10-19,Juriquilla,Grande,65,16940.0,42,0.6462
2025-10-19,Juriquilla,Mediano,144,30705.0,104,0.7222
2025-10-20,Campanario,Chico,118,19515.0,92,0.7797
2025-10-20,Campanario,Grande,73,19510.0,60,0.8219
2025-10-20,Campanario,Mediano,186,39590.0,132,0.7097
2025-10-20,Centro Sur,Chico,72,11935.0,57,0.7917
2025-10-20,Centro Sur,Grande,49,12930.0,36,0.7347
2025-10-20,Centro Sur,Mediano,123,26460.0,95,0.7724
2025-10-20,El Refugio,Chico,85,13810.0,60,0.7059
2025-10-20,El Refugio,Grande,72,18970.0,53,0.7361
2025-10-20,El Refugio,Mediano,141,30235.0,106,0.7518
2025-10-20,Jurica,Chico,86,13975.0,61,0.7093
2025-10-20,Jurica,Grande,32,8490.0,25,0.7812
2025-10-20,Jurica,Mediano,99,21205.0,74,0.7475
2025-10-20,Juriquilla,Chico,115,19185.0,94,0.8174
2025-10-20,Juriquilla,Grande,78,20365.0,52,0.6667
2025-10-20,Juriquilla,Mediano,166,35755.0,129,0.7771
2025-10-21,Campanario,Chico,114,18880.0,89,0.7807
2025-10-21,Campanario,Grande,65,17165.0,48,0.7385
2025-10-21,Campanario,Mediano,148,31445.0,105,0.7095
2025-10-21,Centro Sur,Chico,72,11960.0,58,0.8056
2025-10-21,Centro Sur,Grande,38,10165.0,31,0.8158
2025-10-21,Centro Sur,Mediano,91,19415.0,66,0.7253
2025-10-21,El Refugio,Chico,83,13845.0,67,0.8072
2025-10-21,El Refugio,Grande,54,14100.0,36,0.6667
2025-10-21,El Refugio,Mediano,143,30485.0,104,0.7273
2025-10-21,Jurica,Chico,62,10120.0,45,0.7258
2025-10-21,Jurica,Grande,50,13200.0,37,0.74
2025-10-21,Jurica,Mediano,113,24550.0,93,0.823
2025-10-21,Juriquilla,Chico,109,17890.0,81,0.7431
2025-10-21,Juriquilla,Grande,95,25090.0,71,0.7474
2025-10-21,Juriquilla,Mediano,193,41360.0,144,0.7461
2025-10-22,Campanario,Chico,103,16725.0,72,0.699
2025-10-22,Campanario,Grande,62,16300.0,45,0.7258
2025-10-22,Campanario,Mediano,214,45765.0,158,0.7383
2025-10-22,Centro Sur,Chico,56,9220.0,43,0.7679
2025-10-22,Centro Sur,Grande,47,12360.0,34,0.7234
2025-10-22,Centro Sur,Mediano,103,22235.0,82,0.7961
2025-10-22,El Refugio,Chico,78,12735.0,57,0.7308
2025-10-22,El Refugio,Grande,74,19500.0,54,0.7297
2025-10-22,El Refugio,Mediano,151,32615.0,120,0.7947
2025-10-22,Jurica,Chico,65,10840.0,53,0.8154
2025-10-22,Jurica,Grande,32,8490.0,25,0.7812
2025-10-22,Jurica,Mediano,113,24575.0,94,0.8319
2025-10-22,Juriquilla,Chico,105,17005.0,72,0.6857
2025-10-22,Juriquilla,Grande,85,22415.0,63,0.7412
2025-10-22,Juriquilla,Mediano,160,34465.0,124,0.775
2025-10-23,Campanario,Chico,96,15625.0,68,0.7083
2025-10-23,Campanario,Grande,75,19500.0,48,0.64
2025-10-23,Campanario,Mediano,189,40420.0,140,0.7407
2025-10-23,Centro Sur,Chico,66,10980.0,53,0.803
2025-10-23,Centro Sur,Grande,47,12180.0,29,0.617
2025-10-23,Centro Sur,Mediano,115,25180.0,100,0.8696
2025-10-23,El Refugio,Chico,84,13875.0,65,0.7738
2025-10-23,El Refugio,Grande,65,17325.0,52,0.8
2025-10-23,El Refugio,Mediano,152,32780.0,119,0.7829
2025-10-23,Jurica,Chico,75,12365.0,57,0.76
2025-10-23,Jurica,Grande,44,11715.0,35,0.7955
2025-10-23,Jurica,Mediano,96,20835.0,79,0.8229
2025-10-23,Juriquilla,Chico,108,17630.0,79,0.7315
2025-10-23,Juriquilla,Grande,73,19410.0,58,0.7945
2025-10-23,Juriquilla,Mediano,187,40215.0,144,0.7701
2025-10-24,Campanario,Chico,82,13715.0,68,0.8293
2025-10-24,Campanario,Grande,49,12985.0,38,0.7755
2025-10-24,Campanario,Mediano,178,37860.0,126,0.7079
2025-10-24,Centro Sur,Chico,55,9260.0,47,0.8545
2025-10-24,Centro Sur,Grande,33,8730.0,25,0.7576
2025-10-24,Centro Sur,Mediano,112,23835.0,80,0.7143
2025-10-24,El Refugio,Chico,65,10900.0,54,0.8308
2025-10-24,El Refugio,Grande,51,13535.0,40,0.7843
2025-10-24,El Refugio,Mediano,142,30615.0,111,0.7817
2025-10-24,Jurica,Chico,61,10170.0,50,0.8197
2025-10-24,Jurica,Grande,36,9445.0,25,0.6944
2025-10-24,Jurica,Mediano,85,18505.0,71,0.8353
2025-10-24,Juriquilla,Chico,91,15015.0,70,0.7692
2025-10-24,Juriquilla,Grande,53,13945.0,38,0.717
2025-10-24,Juriquilla,Mediano,175,37060.0,121,0.6914
2025-10-25,Campanario,Chico,87,14585.0,73,0.8391
2025-10-25,Campanario,Grande,66,17540.0,52,0.7879
2025-10-25,Campanario,Mediano,156,33565.0,120,0.7692
2025-10-25,Centro Sur,Chico,50,8440.0,43,0.86
2025-10-25,Centro Sur,Grande,34,8935.0,24,0.7059
2025-10-25,Centro Sur,Mediano,93,20120.0,75,0.8065
2025-10-25,El Refugio,Chico,82,13350.0,58,0.7073
2025-10-25,El Refugio,Grande,54,14285.0,41,0.7593
2025-10-25,El Refugio,Mediano,127,27210.0,95,0.748
2025-10-25,Jurica,Chico,62,10475.0,54,0.871
2025-10-25,Jurica,Grande,25,6610.0,19,0.76
2025-10-25,Jurica,Mediano,75,16050.0,56,0.7467
2025-10-25,Juriquilla,Chico,92,15055.0,68,0.7391
2025-10-25,Juriquilla,Grande,63,16575.0,45,0.7143
2025-10-25,Juriquilla,Mediano,152,32720.0,118,0.7763
2025-10-26,Campanario,Chico,93,15595.0,78,0.8387
2025-10-26,Campanario,Grande,63,16700.0,49,0.7778
2025-10-26,Campanario,Mediano,155,33725.0,128,0.8258
2025-10-26,Centro Sur,Chico,33,5580.0,29,0.8788
2025-10-26,Centro Sur,Grande,50,13130.0,36,0.72
2025-10-26,Centro Sur,Mediano,86,18485.0,66,0.7674
2025-10-26,El Refugio,Chico,62,10225.0,48,0.7742
2025-10-26,El Refugio,Grande,32,8610.0,28,0.875
2025-10-26,El Refugio,Mediano,138,29335.0,98,0.7101
2025-10-26,Jurica,Chico,45,7480.0,36,0.8
2025-10-26,Jurica,Grande,32,8405.0,23,0.7188
2025-10-26,Jurica,Mediano,87,18650.0,66,0.7586
2025-10-26,Juriquilla,Chico,91,14850.0,66,0.7253
2025-10-26,Juriquilla,Grande,71,18780.0,53,0.7465
2025-10-26,Juriquilla,Mediano,133,28675.0,104,0.782
2025-10-27,Campanario,Chico,104,17400.0,86,0.8269
2025-10-27,Campanario,Grande,83,22055.0,66,0.7952
2025-10-27,Campanario,Mediano,191,40820.0,141,0.7382
2025-10-27,Centro Sur,Chico,61,10015.0,45,0.7377
2025-10-27,Centro Sur,Grande,44,11635.0,33,0.75
2025-10-27,Centro Sur,Mediano,106,22880.0,84,0.7925
2025-10-27,El Refugio,Chico,78,12735.0,56,0.7179
2025-10-27,El Refugio,Grande,43,11145.0,27,0.6279
2025-10-27,El Refugio,Mediano,132,28130.0,96,0.7273
2025-10-27,Jurica,Chico,69,11115.0,46,0.6667
2025-10-27,Jurica,Grande,39,10265.0,28,0.7179
2025-10-27,Jurica,Mediano,110,23650.0,85,0.7727
2025-10-27,Juriquilla,Chico,102,16945.0,82,0.8039
2025-10-27,Juriquilla,Grande,60,15960.0,48,0.8
2025-10-27,Juriquilla,Mediano,203,43435.0,151,0.7438
2025-10-28,Campanario,Chico,96,15750.0,72,0.75
2025-10-28,Campanario,Grande,63,16585.0,46,0.7302
2025-10-28,Campanario,Mediano,202,42990.0,144,0.7129
2025-10-28,Centro Sur,Chico,70,11325.0,48,0.6857
2025-10-28,Centro Sur,Grande,46,12190.0,36,0.7826
2025-10-28,Centro Sur,Mediano,97,21075.0,80,0.8247
2025-10-28,El Refugio,Chico,90,14520.0,61,0.6778
2025-10-28,El Refugio,Grande,74,19450.0,53,0.7162
2025-10-28,El Refugio,Mediano,146,31260.0,108,0.7397
2025-10-28,Jurica,Chico,72,11765.0,52,0.7222
2025-10-28,Jurica,Grande,37,9795.0,28,0.7568
2025-10-28,Jurica,Mediano,102,22090.0,83,0.8137
2025-10-28,Juriquilla,Chico,133,21690.0,96,0.7218
2025-10-28,Juriquilla,Grande,81,21290.0,58,0.716
2025-10-28,Juriquilla,Mediano,172,36770.0,127,0.7384
2025-10-29,Campanario,Chico,100,16290.0,71,0.71
2025-10-29,Campanario,Grande,68,17980.0,51,0.75
2025-10-29,Campanario,Mediano,188,40555.0,149,0.7926
2025-10-29,Centro Sur,Chico,65,10715.0,50,0.7692
2025-10-29,Centro Sur,Grande,47,12285.0,32,0.6809
2025-10-29,Centro Sur,Mediano,118,25405.0,92,0.7797
2025-10-29,El Refugio,Chico,91,15360.0,78,0.8571
2025-10-29,El Refugio,Grande,62,16200.0,42,0.6774
2025-10-29,El Refugio,Mediano,134,28645.0,99,0.7388
2025-10-29,Jurica,Chico,60,10020.0,49,0.8167
2025-10-29,Jurica,Grande,42,11280.0,36,0.8571
2025-10-29,Jurica,Mediano,118,25230.0,88,0.7458
2025-10-29,Juriquilla,Chico,102,16710.0,75,0.7353
2025-10-29,Juriquilla,Grande,73,19200.0,53,0.726
2025-10-29,Juriquilla,Mediano,196,42080.0,148,0.7551
2025-10-30,Campanario,Chico,131,20985.0,84,0.6412
2025-10-30,Campanario,Grande,61,16125.0,46,0.7541
2025-10-30,Campanario,Mediano,193,41090.0,138,0.715
2025-10-30,Centro Sur,Chico,75,12295.0,56,0.7467
2025-10-30,Centro Sur,Grande,46,12115.0,34,0.7391
2025-10-30,Centro Sur,Mediano,118,25000.0,81,0.6864
2025-10-30,El Refugio,Chico,95,15405.0,66,0.6947
2025-10-30,El Refugio,Grande,60,15925.0,47,0.7833
2025-10-30,El Refugio,Mediano,168,35935.0,124,0.7381
2025-10-30,Jurica,Chico,52,8435.0,36,0.6923
2025-10-30,Jurica,Grande,54,14360.0,43,0.7963
2025-10-30,Jurica,Mediano,111,24145.0,92,0.8288
2025-10-30,Juriquilla,Chico,121,19750.0,87,0.719
2025-10-30,Juriquilla,Grande,78,20620.0,59,0.7564
2025-10-30,Juriquilla,Mediano,191,40645.0,136,0.712
2025-10-31,Campanario,Chico,83,13570.0,61,0.7349
2025-10-31,Campanario,Grande,73,19510.0,60,0.8219
2025-10-31,Campanario,Mediano,156,33025.0,108,0.6923
2025-10-31,Centro Sur,Chico,56,9215.0,42,0.75
2025-10-31,Centro Sur,Grande,36,9300.0,22,0.6111
2025-10-31,Centro Sur,Mediano,99,21295.0,76,0.7677
2025-10-31,El Refugio,Chico,85,13940.0,63,0.7412
2025-10-31,El Refugio,Grande,45,11925.0,35,0.7778
2025-10-31,El Refugio,Mediano,135,29090.0,106,0.7852
2025-10-31,Jurica,Chico,53,8530.0,35,0.6604
2025-10-31,Jurica,Grande,33,8530.0,20,0.6061
2025-10-31,Jurica,Mediano,95,20160.0,67,0.7053
2025-10-31,Juriquilla,Chico,101,16485.0,73,0.7228
2025-10-31,Juriquilla,Grande,75,19740.0,54,0.72
2025-10-31,Juriquilla,Mediano,160,34275.0,120,0.75
2025-11-01,Campanario,Chico,99,16265.0,74,0.7475
2025-11-01,Campanario,Grande,62,16555.0,51,0.8226
2025-11-01,Campanario,Mediano,147,31435.0,108,0.7347
2025-11-01,Centro Sur,Chico,51,8270.0,36,0.7059
2025-11-01,Centro Sur,Grande,43,11365.0,32,0.7442
2025-11-01,Centro Sur,Mediano,110,23360.0,77,0.7
2025-11-01,El Refugio,Chico,85,13740.0,58,0.6824
2025-11-01,El Refugio,Grande,53,14060.0,41,0.7736
2025-11-01,El Refugio,Mediano,140,30045.0,107,0.7643
2025-11-01,Jurica,Chico,46,7230.0,26,0.5652
2025-11-01,Jurica,Grande,37,9725.0,26,0.7027
2025-11-01,Jurica,Mediano,85,18025.0,59,0.6941
2025-11-01,Juriquilla,Chico,82,13505.0,62,0.7561
2025-11-01,Juriquilla,Grande,60,15760.0,42,0.7
2025-11-01,Juriquilla,Mediano,151,32390.0,114,0.755
2025-11-02,Campanario,Chico,112,18260.0,81,0.7232
2025-11-02,Campanario,Grande,67,17765.0,52,0.7761
2025-11-02,Campanario,Mediano,152,32595.0,115,0.7566
2025-11-02,Centro Sur,Chico,55,9050.0,42,0.7636
2025-11-02,Centro Sur,Grande,37,9915.0,31,0.8378
2025-11-02,Centro Sur,Mediano,83,17970.0,67,0.8072
2025-11-02,El Refugio,Chico,66,10940.0,52,0.7879
2025-11-02,El Refugio,Grande,52,13770.0,40,0.7692
2025-11-02,El Refugio,Mediano,123,26280.0,91,0.7398
2025-11-02,Jurica,Chico,62,10215.0,47,0.7581
2025-11-02,Jurica,Grande,28,7280.0,18,0.6429
2025-11-02,Jurica,Mediano,100,21440.0,75,0.75
2025-11-02,Juriquilla,Chico,76,12490.0,58,0.7632
2025-11-02,Juriquilla,Grande,56,14545.0,35,0.625
2025-11-02,Juriquilla,Mediano,172,37295.0,140,0.814
2025-11-03,Campanario,Chico,117,19380.0,92,0.7863
2025-11-03,Campanario,Grande,70,18310.0,48,0.6857
2025-11-03,Campanario,Mediano,155,33145.0,114,0.7355
2025-11-03,Centro Sur,Chico,57,9360.0,43,0.7544
2025-11-03,Centro Sur,Grande,55,14615.0,43,0.7818
2025-11-03,Centro Sur,Mediano,96,20795.0,78,0.8125
2025-11-03,El Refugio,Chico,88,14380.0,64,0.7273
2025-11-03,El Refugio,Grande,53,13970.0,39,0.7358
2025-11-03,El Refugio,Mediano,142,30090.0,98,0.6901
2025-11-03,Jurica,Chico,71,11790.0,57,0.8028
2025-11-03,Jurica,Grande,48,12715.0,37,0.7708
2025-11-03,Jurica,Mediano,110,23320.0,76,0.6909
2025-11-03,Juriquilla,Chico,118,19385.0,89,0.7542
2025-11-03,Juriquilla,Grande,76,19835.0,51,0.6711
2025-11-03,Juriquilla,Mediano,178,38255.0,137,0.7697
2025-11-04,Campanario,Chico,111,18245.0,83,0.7477
2025-11-04,Campanario,Grande,82,21650.0,61,0.7439
2025-11-04,Campanario,Mediano,184,39555.0,142,0.7717
2025-11-04,Centro Sur,Chico,63,10360.0,48,0.7619
2025-11-04,Centro Sur,Grande,45,11910.0,34,0.7556
2025-11-04,Centro Sur,Mediano,117,24770.0,80,0.6838
2025-11-04,El Refugio,Chico,109,17835.0,80,0.7339
2025-11-04,El Refugio,Grande,50,13125.0,36,0.72
2025-11-04,El Refugio,Mediano,151,32170.0,108,0.7152
2025-11-04,Jurica,Chico,54,8855.0,40,0.7407
2025-11-04,Jurica,Grande,32,8565.0,27,0.8438
2025-11-04,Jurica,Mediano,90,19180.0,65,0.7222
2025-11-04,Juriquilla,Chico,99,16280.0,75,0.7576
2025-11-04,Juriquilla,Grande,73,19535.0,61,0.8356
2025-11-04,Juriquilla,Mediano,215,46045.0,160,0.7442
2025-11-05,Campanario,Chico,107,17585.0,80,0.7477
2025-11-05,Campanario,Grande,64,16680.0,42,0.6562
2025-11-05,Campanario,Mediano,179,38560.0,140,0.7821
2025-11-05,Centro Sur,Chico,66,10930.0,51,0.7727
2025-11-05,Centro Sur,Grande,41,11040.0,36,0.878
2025-11-05,Centro Sur,Mediano,101,21415.0,70,0.6931
2025-11-05,El Refugio,Chico,66,10860.0,50,0.7576
2025-11-05,El Refugio,Grande,66,17630.0,54,0.8182
2025-11-05,El Refugio,Mediano,157,33625.0,117,0.7452
2025-11-05,Jurica,Chico,74,12065.0,53,0.7162
2025-11-05,Jurica,Grande,53,14330.0,48,0.9057
2025-11-05,Jurica,Mediano,109,23595.0,87,0.7982
2025-11-05,Juriquilla,Chico,115,18915.0,87,0.7565
2025-11-05,Juriquilla,Grande,76,19960.0,54,0.7105
2025-11-05,Juriquilla,Mediano,189,40525.0,143,0.7566
2025-11-06,Campanario,Chico,113,18715.0,90,0.7965
2025-11-06,Campanario,Grande,64,16935.0,49,0.7656
2025-11-06,Campanario,Mediano,183,38960.0,130,0.7104
2025-11-06,Centro Sur,Chico,66,10665.0,45,0.6818
2025-11-06,Centro Sur,Grande,56,14855.0,43,0.7679
2025-11-06,Centro Sur,Mediano,116,24650.0,81,0.6983
2025-11-06,El Refugio,Chico,79,13225.0,66,0.8354
2025-11-06,El Refugio,Grande,49,12930.0,36,0.7347
2025-11-06,El Refugio,Mediano,151,32560.0,119,0.7881
2025-11-06,Jurica,Chico,66,10710.0,46,0.697
2025-11-06,Jurica,Grande,45,12050.0,38,0.8444
2025-11-06,Jurica,Mediano,117,25130.0,89,0.7607
2025-11-06,Juriquilla,Chico,112,18460.0,85,0.7589
2025-11-06,Juriquilla,Grande,83,22050.0,66,0.7952
2025-11-06,Juriquilla,Mediano,151,32180.0,109,0.7219
2025-11-07,Campanario,Chico,101,16525.0,74,0.7327
2025-11-07,Campanario,Grande,70,18825.0,61,0.8714
2025-11-07,Campanario,Mediano,154,33270.0,122,0.7922
2025-11-07,Centro Sur,Chico,54,8855.0,40,0.7407
2025-11-07,Centro Sur,Grande,40,10565.0,30,0.75
2025-11-07,Centro Sur,Mediano,77,16625.0,61,0.7922
2025-11-07,El Refugio,Chico,72,11805.0,54,0.75
2025-11-07,El Refugio,Grande,55,14290.0,35,0.6364
2025-11-07,El Refugio,Mediano,124,26620.0,94,0.7581
2025-11-07,Jurica,Chico,61,9960.0,44,0.7213
2025-11-07,Jurica,Grande,36,9400.0,24,0.6667
2025-11-07,Jurica,Mediano,106,22670.0,78,0.7358
2025-11-07,Juriquilla,Chico,97,15595.0,64,0.6598
2025-11-07,Juriquilla,Grande,58,15515.0,48,0.8276
2025-11-07,Juriquilla,Mediano,151,32545.0,118,0.7815
2025-11-08,Campanario,Chico,101,16635.0,76,0.7525
2025-11-08,Campanario,Grande,62,16325.0,45,0.7258
2025-11-08,Campanario,Mediano,148,31520.0,106,0.7162
2025-11-08,Centro Sur,Chico,61,9990.0,45,0.7377
2025-11-08,Centro Sur,Grande,30,7950.0,23,0.7667
2025-11-08,Centro Sur,Mediano,107,22760.0,76,0.7103
2025-11-08,El Refugio,Chico,62,10125.0,45,0.7258
2025-11-08,El Refugio,Grande,45,11985.0,36,0.8
2025-11-08,El Refugio,Mediano,144,30975.0,111,0.7708
2025-11-08,Jurica,Chico,39,6555.0,33,0.8462
2025-11-08,Jurica,Grande,38,10055.0,29,0.7632
2025-11-08,Jurica,Mediano,89,19105.0,67,0.7528
2025-11-08,Juriquilla,Chico,92,15240.0,72,0.7826
2025-11-08,Juriquilla,Grande,39,10340.0,30,0.7692
2025-11-08,Juriquilla,Mediano,124,26320.0,87,0.7016
2025-11-09,Campanario,Chico,90,14715.0,66,0.7333
2025-11-09,Campanario,Grande,52,13720.0,38,0.7308
2025-11-09,Campanario,Mediano,157,33420.0,112,0.7134
2025-11-09,Centro Sur,Chico,50,8395.0,42,0.84
2025-11-09,Centro Sur,Grande,41,10810.0,30,0.7317
2025-11-09,Centro Sur,Mediano,89,19060.0,66,0.7416
2025-11-09,El Refugio,Chico,85,14020.0,65,0.7647
2025-11-09,El Refugio,Grande,55,14440.0,39,0.7091
2025-11-09,El Refugio,Mediano,143,30630.0,108,0.7552
2025-11-09,Jurica,Chico,69,11300.0,51,0.7391
2025-11-09,Jurica,Grande,33,8615.0,22,0.6667
2025-11-09,Jurica,Mediano,94,19870.0,64,0.6809
2025-11-09,Juriquilla,Chico,92,15030.0,67,0.7283
2025-11-09,Juriquilla,Grande,62,16630.0,53,0.8548
2025-11-09,Juriquilla,Mediano,151,31980.0,104,0.6887
2025-11-10,Campanario,Chico,127,20550.0,87,0.685
2025-11-10,Campanario,Grande,70,18330.0,49,0.7
2025-11-10,Campanario,Mediano,178,38220.0,136,0.764
2025-11-10,Centro Sur,Chico,63,10455.0,50,0.7937
2025-11-10,Centro Sur,Grande,40,10730.0,34,0.85
2025-11-10,Centro Sur,Mediano,103,21995.0,75,0.7282
2025-11-10,El Refugio,Chico,98,16340.0,79,0.8061
2025-11-10,El Refugio,Grande,63,16605.0,46,0.7302
2025-11-10,El Refugio,Mediano,141,30555.0,114,0.8085
2025-11-10,Jurica,Chico,58,9295.0,38,0.6552
2025-11-10,Jurica,Grande,41,10735.0,28,0.6829
2025-11-10,Jurica,Mediano,103,22190.0,80,0.7767
2025-11-10,Juriquilla,Chico,102,16645.0,73,0.7157
2025-11-10,Juriquilla,Grande,60,15960.0,48,0.8
2025-11-10,Juriquilla,Mediano,187,39780.0,133,0.7112
2025-11-11,Campanario,Chico,120,19600.0,87,0.725
2025-11-11,Campanario,Grande,72,19110.0,56,0.7778
2025-11-11,Campanario,Mediano,181,38575.0,131,0.7238
2025-11-11,Centro Sur,Chico,67,11140.0,53,0.791
2025-11-11,Centro Sur,Grande,43,11355.0,32,0.7442
2025-11-11,Centro Sur,Mediano,122,26240.0,94,0.7705
2025-11-11,El Refugio,Chico,91,14770.0,63,0.6923
2025-11-11,El Refugio,Grande,59,15570.0,44,0.7458
2025-11-11,El Refugio,Mediano,141,30335.0,109,0.773
2025-11-11,Jurica,Chico,66,10875.0,50,0.7576
2025-11-11,Jurica,Grande,49,13065.0,40,0.8163
2025-11-11,Jurica,Mediano,108,23350.0,86,0.7963
2025-11-11,Juriquilla,Chico,113,18595.0,86,0.7611
2025-11-11,Juriquilla,Grande,77,20315.0,57,0.7403
2025-11-11,Juriquilla,Mediano,173,37105.0,130,0.7514
2025-11-12,Campanario,Chico,111,18270.0,84,0.7568
2025-11-12,Campanario,Grande,79,20780.0,58,0.7342
2025-11-12,Campanario,Mediano,212,45330.0,157,0.7406
2025-11-12,Centro Sur,Chico,76,12595.0,60,0.7895
2025-11-12,Centro Sur,Grande,34,9045.0,27,0.7941
2025-11-12,Centro Sur,Mediano,113,24205.0,85,0.7522
2025-11-12,El Refugio,Chico,80,13100.0,59,0.7375
2025-11-12,El Refugio,Grande,55,14445.0,39,0.7091
2025-11-12,El Refugio,Mediano,138,29460.0,100,0.7246
2025-11-12,Jurica,Chico,69,11215.0,49,0.7101
2025-11-12,Jurica,Grande,46,12060.0,32,0.6957
2025-11-12,Jurica,Mediano,114,24565.0,89,0.7807
2025-11-12,Juriquilla,Chico,109,17965.0,84,0.7706
2025-11-12,Juriquilla,Grande,86,22910.0,68,0.7907
2025-11-12,Juriquilla,Mediano,201,42470.0,135,0.6716
2025-11-13,Campanario,Chico,99,16220.0,73,0.7374
2025-11-13,Campanario,Grande,66,17595.0,53,0.803
2025-11-13,Campanario,Mediano,178,38450.0,141,0.7921
2025-11-13,Centro Sur,Chico,62,10380.0,51,0.8226
2025-11-13,Centro Sur,Grande,43,11350.0,32,0.7442
2025-11-13,Centro Sur,Mediano,103,22280.0,82,0.7961
2025-11-13,El Refugio,Chico,94,15580.0,74,0.7872
2025-11-13,El Refugio,Grande,50,13135.0,35,0.7
2025-11-13,El Refugio,Mediano,131,28105.0,99,0.7557
2025-11-13,Jurica,Chico,52,8690.0,43,0.8269
2025-11-13,Jurica,Grande,46,12205.0,36,0.7826
2025-11-13,Jurica,Mediano,87,18560.0,63,0.7241
2025-11-13,Juriquilla,Chico,104,17445.0,87,0.8365
2025-11-13,Juriquilla,Grande,67,17730.0,51,0.7612
2025-11-13,Juriquilla,Mediano,182,38935.0,135,0.7418
2025-11-14,Campanario,Chico,103,16920.0,78,0.7573
2025-11-14,Campanario,Grande,64,17055.0,52,0.8125
2025-11-14,Campanario,Mediano,149,31650.0,106,0.7114
2025-11-14,Centro Sur,Chico,64,10385.0,45,0.7031
2025-11-14,Centro Sur,Grande,44,11595.0,32,0.7273
2025-11-14,Centro Sur,Mediano,107,23010.0,83,0.7757
2025-11-14,El Refugio,Chico,83,13790.0,67,0.8072
2025-11-14,El Refugio,Grande,47,12370.0,34,0.7234
2025-11-14,El Refugio,Mediano,131,28045.0,98,0.7481
2025-11-14,Jurica,Chico,67,10960.0,49,0.7313
2025-11-14,Jurica,Grande,36,9555.0,28,0.7778
2025-11-14,Jurica,Mediano,91,19655.0,73,0.8022
2025-11-14,Juriquilla,Chico,104,16925.0,74,0.7115
2025-11-14,Juriquilla,Grande,63,16790.0,51,0.8095
2025-11-14,Juriquilla,Mediano,162,34795.0,124,0.7654
2025-11-15,Campanario,Chico,96,15540.0,66,0.6875
2025-11-15,Campanario,Grande,59,15510.0,42,0.7119
2025-11-15,Campanario,Mediano,167,35765.0,125,0.7485
2025-11-15,Centro Sur,Chico,52,8530.0,39,0.75
2025-11-15,Centro Sur,Grande,32,8375.0,22,0.6875
2025-11-15,Centro Sur,Mediano,111,23550.0,77,0.6937
2025-11-15,El Refugio,Chico,69,11290.0,51,0.7391
2025-11-15,El Refugio,Grande,37,9790.0,28,0.7568
2025-11-15,El Refugio,Mediano,122,26170.0,92,0.7541
2025-11-15,Jurica,Chico,60,9865.0,46,0.7667
2025-11-15,Jurica,Grande,42,10955.0,28,0.6667
2025-11-15,Jurica,Mediano,91,19480.0,68,0.7473
2025-11-15,Juriquilla,Chico,84,13750.0,62,0.7381
2025-11-15,Juriquilla,Grande,68,17880.0,49,0.7206
2025-11-15,Juriquilla,Mediano,160,34415.0,124,0.775
2025-11-16,Campanario,Chico,88,14510.0,67,0.7614
2025-11-16,Campanario,Grande,59,15565.0,44,0.7458
2025-11-16,Campanario,Mediano,134,28775.0,102,0.7612
2025-11-16,Centro Sur,Chico,55,9095.0,43,0.7818
2025-11-16,Centro Sur,Grande,46,12345.0,39,0.8478
2025-11-16,Centro Sur,Mediano,91,19450.0,67,0.7363
2025-11-16,El Refugio,Chico,57,9195.0,38,0.6667
2025-11-16,El Refugio,Grande,57,15305.0,49,0.8596
2025-11-16,El Refugio,Mediano,114,24270.0,81,0.7105
2025-11-16,Jurica,Chico,57,9335.0,42,0.7368
2025-11-16,Jurica,Grande,52,13995.0,45,0.8654
2025-11-16,Jurica,Mediano,105,22415.0,76,0.7238
2025-11-16,Juriquilla,Chico,101,16435.0,72,0.7129
2025-11-16,Juriquilla,Grande,58,15375.0,45,0.7759
2025-11-16,Juriquilla,Mediano,165,35365.0,123,0.7455
2025-11-17,Campanario,Chico,91,14760.0,63,0.6923
2025-11-17,Campanario,Grande,75,19610.0,52,0.6933
2025-11-17,Campanario,Mediano,179,38365.0,135,0.7542
2025-11-17,Centro Sur,Chico,68,11010.0,47,0.6912
2025-11-17,Centro Sur,Grande,32,8585.0,27,0.8438
2025-11-17,Centro Sur,Mediano,95,20370.0,71,0.7474
2025-11-17,El Refugio,Chico,96,15695.0,70,0.7292
2025-11-17,El Refugio,Grande,67,17635.0,48,0.7164
2025-11-17,El Refugio,Mediano,137,29530.0,107,0.781
2025-11-17,Jurica,Chico,65,10590.0,47,0.7231
2025-11-17,Jurica,Grande,34,8975.0,25,0.7353
2025-11-17,Jurica,Mediano,105,22255.0,72,0.6857
2025-11-17,Juriquilla,Chico,130,21285.0,96,0.7385
2025-11-17,Juriquilla,Grande,80,21050.0,58,0.725
2025-11-17,Juriquilla,Mediano,172,36935.0,130,0.7558
2025-11-18,Campanario,Chico,117,19045.0,83,0.7094
2025-11-18,Campanario,Grande,73,19425.0,58,0.7945
2025-11-18,Campanario,Mediano,165,35395.0,125,0.7576
2025-11-18,Centro Sur,Chico,66,11045.0,55,0.8333
2025-11-18,Centro Sur,Grande,41,10830.0,31,0.7561
2025-11-18,Centro Sur,Mediano,96,20630.0,74,0.7708
2025-11-18,El Refugio,Chico,83,13820.0,67,0.8072
2025-11-18,El Refugio,Grande,73,19470.0,59,0.8082
2025-11-18,El Refugio,Mediano,142,30740.0,114,0.8028
2025-11-18,Jurica,Chico,62,10155.0,45,0.7258
2025-11-18,Jurica,Grande,49,12670.0,30,0.6122
2025-11-18,Jurica,Mediano,116,24790.0,85,0.7328
2025-11-18,Juriquilla,Chico,124,20305.0,91,0.7339
2025-11-18,Juriquilla,Grande,70,18625.0,55,0.7857
2025-11-18,Juriquilla,Mediano,203,43840.0,161,0.7931
2025-11-19,Campanario,Chico,91,14900.0,67,0.7363
2025-11-19,Campanario,Grande,84,21910.0,56,0.6667
2025-11-19,Campanario,Mediano,203,43295.0,147,0.7241
2025-11-19,Centro Sur,Chico,51,8175.0,34,0.6667
2025-11-19,Centro Sur,Grande,33,8735.0,25,0.7576
2025-11-19,Centro Sur,Mediano,105,22550.0,81,0.7714
2025-11-19,El Refugio,Chico,76,12445.0,56,0.7368
2025-11-19,El Refugio,Grande,59,15385.0,39,0.661
2025-11-19,El Refugio,Mediano,144,30755.0,105,0.7292
2025-11-19,Jurica,Chico,51,8390.0,38,0.7451
2025-11-19,Jurica,Grande,54,14005.0,34,0.6296
2025-11-19,Jurica,Mediano,99,20970.0,68,0.6869
2025-11-19,Juriquilla,Chico,141,23200.0,107,0.7589
2025-11-19,Juriquilla,Grande,58,15230.0,41,0.7069
2025-11-19,Juriquilla,Mediano,191,40535.0,134,0.7016
2025-11-20,Campanario,Chico,113,18210.0,76,0.6726
2025-11-20,Campanario,Grande,62,16475.0,49,0.7903
2025-11-20,Campanario,Mediano,194,41225.0,137,0.7062
2025-11-20,Centro Sur,Chico,56,9215.0,42,0.75
2025-11-20,Centro Sur,Grande,43,11185.0,28,0.6512
2025-11-20,Centro Sur,Mediano,101,21555.0,74,0.7327
2025-11-20,El Refugio,Chico,88,14265.0,62,0.7045
2025-11-20,El Refugio,Grande,64,16840.0,46,0.7188
2025-11-20,El Refugio,Mediano,142,30410.0,106,0.7465
2025-11-20,Jurica,Chico,59,9955.0,51,0.8644
2025-11-20,Jurica,Grande,56,14850.0,43,0.7679
2025-11-20,Jurica,Mediano,105,22575.0,81,0.7714
2025-11-20,Juriquilla,Chico,96,15980.0,77,0.8021
2025-11-20,Juriquilla,Grande,69,18285.0,53,0.7681
2025-11-20,Juriquilla,Mediano,179,38125.0,129,0.7207
2025-11-21,Campanario,Chico,84,13315.0,51,0.6071
2025-11-21,Campanario,Grande,74,19525.0,55,0.7432
2025-11-21,Campanario,Mediano,159,34090.0,120,0.7547
2025-11-21,Centro Sur,Chico,71,11620.0,52,0.7324
2025-11-21,Centro Sur,Grande,41,10740.0,28,0.6829
2025-11-21,Centro Sur,Mediano,121,26200.0,98,0.8099
2025-11-21,El Refugio,Chico,67,11100.0,53,0.791
2025-11-21,El Refugio,Grande,52,13540.0,34,0.6538
2025-11-21,El Refugio,Mediano,116,24855.0,87,0.75
2025-11-21,Jurica,Chico,52,8375.0,35,0.6731
2025-11-21,Jurica,Grande,40,10395.0,25,0.625
2025-11-21,Jurica,Mediano,85,18320.0,66,0.7765
2025-11-21,Juriquilla,Chico,100,16425.0,75,0.75
2025-11-21,Juriquilla,Grande,66,17480.0,50,0.7576
2025-11-21,Juriquilla,Mediano,137,29290.0,101,0.7372
2025-11-22,Campanario,Chico,88,14520.0,67,0.7614
2025-11-22,Campanario,Grande,52,13825.0,41,0.7885
2025-11-22,Campanario,Mediano,150,32185.0,113,0.7533
2025-11-22,Centro Sur,Chico,62,10125.0,45,0.7258
2025-11-22,Centro Sur,Grande,32,8570.0,27,0.8438
2025-11-22,Centro Sur,Mediano,86,18700.0,72,0.8372
2025-11-22,El Refugio,Chico,67,10985.0,50,0.7463
2025-11-22,El Refugio,Grande,40,10600.0,31,0.775
2025-11-22,El Refugio,Mediano,143,30985.0,117,0.8182
2025-11-22,Jurica,Chico,64,10645.0,51,0.7969
2025-11-22,Jurica,Grande,49,12875.0,35,0.7143
2025-11-22,Jurica,Mediano,102,21595.0,70,0.6863
2025-11-22,Juriquilla,Chico,91,14915.0,67,0.7363
2025-11-22,Juriquilla,Grande,53,14080.0,41,0.7736
2025-11-22,Juriquilla,Mediano,170,36395.0,127,0.7471
2025-11-23,Campanario,Chico,100,16810.0,85,0.85
2025-11-23,Campanario,Grande,65,17020.0,45,0.6923
2025-11-23,Campanario,Mediano,151,32420.0,115,0.7616
2025-11-23,Centro Sur,Chico,45,7490.0,36,0.8
2025-11-23,Centro Sur,Grande,34,8890.0,23,0.6765
2025-11-23,Centro Sur,Mediano,89,18675.0,57,0.6404
2025-11-23,El Refugio,Chico,61,10090.0,47,0.7705
2025-11-23,El Refugio,Grande,54,14075.0,35,0.6481
2025-11-23,El Refugio,Mediano,130,27515.0,89,0.6846
2025-11-23,Jurica,Chico,66,10780.0,48,0.7273
2025-11-23,Jurica,Grande,40,10485.0,28,0.7
2025-11-23,Jurica,Mediano,109,23485.0,85,0.7798
2025-11-23,Juriquilla,Chico,100,16455.0,75,0.75
2025-11-23,Juriquilla,Grande,62,16425.0,47,0.7581
2025-11-23,Juriquilla,Mediano,171,36635.0,128,0.7485
2025-11-24,Campanario,Chico,109,17835.0,80,0.7339
2025-11-24,Campanario,Grande,72,19150.0,57,0.7917
2025-11-24,Campanario,Mediano,192,41630.0,156,0.8125
2025-11-24,Centro Sur,Chico,61,9885.0,42,0.6885
2025-11-24,Centro Sur,Grande,49,12845.0,34,0.6939
2025-11-24,Centro Sur,Mediano,105,23030.0,92,0.8762
2025-11-24,El Refugio,Chico,84,13960.0,67,0.7976
2025-11-24,El Refugio,Grande,62,16125.0,40,0.6452
2025-11-24,El Refugio,Mediano,125,27010.0,99,0.792
2025-11-24,Jurica,Chico,59,9860.0,48,0.8136
2025-11-24,Jurica,Grande,49,12915.0,36,0.7347
2025-11-24,Jurica,Mediano,117,25350.0,95,0.812
2025-11-24,Juriquilla,Chico,110,18170.0,85,0.7727
2025-11-24,Juriquilla,Grande,60,15655.0,40,0.6667
2025-11-24,Juriquilla,Mediano,188,40300.0,142,0.7553
2025-11-25,Campanario,Chico,113,18335.0,79,0.6991
2025-11-25,Campanario,Grande,68,17765.0,46,0.6765
2025-11-25,Campanario,Mediano,198,42320.0,147,0.7424
2025-11-25,Centro Sur,Chico,60,9785.0,43,0.7167
2025-11-25,Centro Sur,Grande,49,13085.0,41,0.8367
2025-11-25,Centro Sur,Mediano,101,21630.0,76,0.7525
2025-11-25,El Refugio,Chico,89,14550.0,65,0.7303
2025-11-25,El Refugio,Grande,58,15495.0,48,0.8276
2025-11-25,El Refugio,Mediano,147,32030.0,124,0.8435
2025-11-25,Jurica,Chico,75,12250.0,55,0.7333
2025-11-25,Jurica,Grande,42,11240.0,35,0.8333
2025-11-25,Jurica,Mediano,112,23955.0,83,0.7411
2025-11-25,Juriquilla,Chico,109,17805.0,79,0.7248
2025-11-25,Juriquilla,Grande,85,22355.0,61,0.7176
2025-11-25,Juriquilla,Mediano,203,43970.0,165,0.8128
2025-11-26,Campanario,Chico,100,16425.0,75,0.75
2025-11-26,Campanario,Grande,81,21275.0,57,0.7037
2025-11-26,Campanario,Mediano,182,39245.0,144,0.7912
2025-11-26,Centro Sur,Chico,63,10385.0,48,0.7619
2025-11-26,Centro Sur,Grande,47,12500.0,37,0.7872
2025-11-26,Centro Sur,Mediano,117,24855.0,82,0.7009
2025-11-26,El Refugio,Chico,86,13945.0,60,0.6977
2025-11-26,El Refugio,Grande,50,13045.0,33,0.66
2025-11-26,El Refugio,Mediano,137,29360.0,103,0.7518
2025-11-26,Jurica,Chico,81,13210.0,58,0.716
2025-11-26,Jurica,Grande,42,11110.0,32,0.7619
2025-11-26,Jurica,Mediano,121,26180.0,97,0.8017
2025-11-26,Juriquilla,Chico,94,15610.0,75,0.7979
2025-11-26,Juriquilla,Grande,74,19820.0,63,0.8514
2025-11-26,Juriquilla,Mediano,185,39885.0,145,0.7838
2025-11-27,Campanario,Chico,102,16735.0,76,0.7451
2025-11-27,Campanario,Grande,67,17720.0,50,0.7463
2025-11-27,Campanario,Mediano,180,38755.0,140,0.7778
2025-11-27,Centro Sur,Chico,65,10575.0,46,0.7077
2025-11-27,Centro Sur,Grande,49,12725.0,31,0.6327
2025-11-27,Centro Sur,Mediano,99,20880.0,66,0.6667
2025-11-27,El Refugio,Chico,97,15990.0,74,0.7629
2025-11-27,El Refugio,Grande,61,16085.0,45,0.7377
2025-11-27,El Refugio,Mediano,131,27970.0,96,0.7328
2025-11-27,Jurica,Chico,56,9225.0,43,0.7679
2025-11-27,Jurica,Grande,36,9275.0,21,0.5833
2025-11-27,Jurica,Mediano,106,22720.0,80,0.7547
2025-11-27,Juriquilla,Chico,99,16495.0,81,0.8182
2025-11-27,Juriquilla,Grande,64,16705.0,43,0.6719
2025-11-27,Juriquilla,Mediano,188,40380.0,144,0.766
2025-11-28,Campanario,Chico,111,18240.0,83,0.7477
2025-11-28,Campanario,Grande,62,16410.0,47,0.7581
2025-11-28,Campanario,Mediano,151,32310.0,112,0.7417
2025-11-28,Centro Sur,Chico,48,7820.0,35,0.7292
2025-11-28,Centro Sur,Grande,43,11365.0,32,0.7442
2025-11-28,Centro Sur,Mediano,101,21540.0,73,0.7228
2025-11-28,El Refugio,Chico,81,13185.0,58,0.716
2025-11-28,El Refugio,Grande,61,16130.0,46,0.7541
2025-11-28,El Refugio,Mediano,128,27185.0,90,0.7031
2025-11-28,Jurica,Chico,57,9240.0,40,0.7018
2025-11-28,Jurica,Grande,47,12435.0,36,0.766
2025-11-28,Jurica,Mediano,92,19635.0,67,0.7283
2025-11-28,Juriquilla,Chico,97,15980.0,74,0.7629
2025-11-28,Juriquilla,Grande,51,13485.0,38,0.7451
2025-11-28,Juriquilla,Mediano,153,32325.0,103,0.6732
2025-11-29,Campanario,Chico,99,16450.0,79,0.798
2025-11-29,Campanario,Grande,61,16235.0,48,0.7869
2025-11-29,Campanario,Mediano,173,37160.0,133,0.7688
2025-11-29,Centro Sur,Chico,50,8300.0,40,0.8
2025-11-29,Centro Sur,Grande,28,7300.0,18,0.6429
2025-11-29,Centro Sur,Mediano,106,22405.0,72,0.6792
2025-11-29,El Refugio,Chico,76,12310.0,52,0.6842
2025-11-29,El Refugio,Grande,43,11405.0,33,0.7674
2025-11-29,El Refugio,Mediano,138,29480.0,101,0.7319
2025-11-29,Jurica,Chico,69,11310.0,51,0.7391
2025-11-29,Jurica,Grande,26,6970.0,22,0.8462
2025-11-29,Jurica,Mediano,97,20795.0,73,0.7526
2025-11-29,Juriquilla,Chico,95,15785.0,76,0.8
2025-11-29,Juriquilla,Grande,62,16490.0,49,0.7903
2025-11-29,Juriquilla,Mediano,141,30095.0,103,0.7305
2025-11-30,Campanario,Chico,85,13920.0,63,0.7412
2025-11-30,Campanario,Grande,56,14890.0,44,0.7857
2025-11-30,Campanario,Mediano,139,29735.0,102,0.7338
2025-11-30,Centro Sur,Chico,43,7005.0,31,0.7209
2025-11-30,Centro Sur,Grande,39,10120.0,25,0.641
2025-11-30,Centro Sur,Mediano,90,19180.0,65,0.7222
2025-11-30,El Refugio,Chico,80,13180.0,61,0.7625
2025-11-30,El Refugio,Grande,44,11645.0,33,0.75
2025-11-30,El Refugio,Mediano,128,27575.0,100,0.7812
2025-11-30,Jurica,Chico,48,8020.0,39,0.8125
2025-11-30,Jurica,Grande,44,11595.0,32,0.7273
2025-11-30,Jurica,Mediano,91,19480.0,67,0.7363
2025-11-30,Juriquilla,Chico,96,15855.0,74,0.7708
2025-11-30,Juriquilla,Grande,57,15030.0,42,0.7368
2025-11-30,Juriquilla,Mediano,148,31745.0,112,0.7568
2025-12-01,Campanario,Chico,117,18860.0,79,0.6752
2025-12-01,Campanario,Grande,60,15975.0,48,0.8
2025-12-01,Campanario,Mediano,206,44395.0,161,0.7816
2025-12-01,Centro Sur,Chico,77,12440.0,52,0.6753
2025-12-01,Centro Sur,Grande,34,8970.0,25,0.7353
2025-12-01,Centro Sur,Mediano,111,23640.0,79,0.7117
2025-12-01,El Refugio,Chico,76,12410.0,55,0.7237
2025-12-01,El Refugio,Grande,52,13500.0,33,0.6346
2025-12-01,El Refugio,Mediano,153,33040.0,121,0.7908
2025-12-01,Jurica,Chico,68,11225.0,52,0.7647
2025-12-01,Jurica,Grande,38,10140.0,31,0.8158
2025-12-01,Jurica,Mediano,120,25505.0,85,0.7083
2025-12-01,Juriquilla,Chico,133,22230.0,110,0.8271
2025-12-01,Juriquilla,Grande,78,20565.0,57,0.7308
2025-12-01,Juriquilla,Mediano,182,38670.0,128,0.7033
2025-12-02,Campanario,Chico,90,14975.0,72,0.8
2025-12-02,Campanario,Grande,61,16000.0,43,0.7049
2025-12-02,Campanario,Mediano,179,38245.0,131,0.7318
2025-12-02,Centro Sur,Chico,63,10525.0,52,0.8254
2025-12-02,Centro Sur,Grande,52,13795.0,41,0.7885
2025-12-02,Centro Sur,Mediano,112,23915.0,82,0.7321
2025-12-02,El Refugio,Chico,92,14930.0,65,0.7065
2025-12-02,El Refugio,Grande,53,13590.0,29,0.5472
2025-12-02,El Refugio,Mediano,134,28695.0,100,0.7463
2025-12-02,Jurica,Chico,62,10235.0,48,0.7742
2025-12-02,Jurica,Grande,39,10195.0,26,0.6667
2025-12-02,Jurica,Mediano,104,22510.0,84,0.8077
2025-12-02,Juriquilla,Chico,114,18665.0,85,0.7456
2025-12-02,Juriquilla,Grande,84,22030.0,59,0.7024
2025-12-02,Juriquilla,Mediano,200,43070.0,156,0.78
2025-12-03,Campanario,Chico,120,19635.0,88,0.7333
2025-12-03,Campanario,Grande,78,20440.0,54,0.6923
2025-12-03,Campanario,Mediano,183,39680.0,149,0.8142
2025-12-03,Centro Sur,Chico,63,10350.0,48,0.7619
2025-12-03,Centro Sur,Grande,38,9940.0,26,0.6842
2025-12-03,Centro Sur,Mediano,94,20160.0,71,0.7553
2025-12-03,El Refugio,Chico,93,15170.0,67,0.7204
2025-12-03,El Refugio,Grande,57,14985.0,41,0.7193
2025-12-03,El Refugio,Mediano,134,28385.0,92,0.6866
2025-12-03,Jurica,Chico,76,12735.0,63,0.8289
2025-12-03,Jurica,Grande,37,9820.0,29,0.7838
2025-12-03,Jurica,Mediano,108,23260.0,84,0.7778
2025-12-03,Juriquilla,Chico,102,17090.0,86,0.8431
2025-12-03,Juriquilla,Grande,81,21640.0,68,0.8395
2025-12-03,Juriquilla,Mediano,177,37825.0,130,0.7345
2025-12-04,Campanario,Chico,96,15615.0,68,0.7083
2025-12-04,Campanario,Grande,71,18635.0,50,0.7042
2025-12-04,Campanario,Mediano,197,41970.0,144,0.731
2025-12-04,Centro Sur,Chico,67,11145.0,54,0.806
2025-12-04,Centro Sur,Grande,37,9715.0,26,0.7027
2025-12-04,Centro Sur,Mediano,98,20935.0,72,0.7347
2025-12-04,El Refugio,Chico,91,14950.0,69,0.7582
2025-12-04,El Refugio,Grande,48,12585.0,33,0.6875
2025-12-04,El Refugio,Mediano,141,30060.0,101,0.7163
2025-12-04,Jurica,Chico,85,14005.0,65,0.7647
2025-12-04,Jurica,Grande,50,13150.0,36,0.72
2025-12-04,Jurica,Mediano,108,22985.0,77,0.713
2025-12-04,Juriquilla,Chico,114,18725.0,86,0.7544
2025-12-04,Juriquilla,Grande,96,25480.0,75,0.7812
2025-12-04,Juriquilla,Mediano,188,40225.0,140,0.7447
2025-12-05,Campanario,Chico,84,13955.0,68,0.8095
2025-12-05,Campanario,Grande,47,12220.0,30,0.6383
2025-12-05,Campanario,Mediano,147,31520.0,111,0.7551
2025-12-05,Centro Sur,Chico,57,9265.0,40,0.7018
2025-12-05,Centro Sur,Grande,43,11360.0,32,0.7442
2025-12-05,Centro Sur,Mediano,89,18835.0,61,0.6854
2025-12-05,El Refugio,Chico,75,12295.0,55,0.7333
2025-12-05,El Refugio,Grande,41,11025.0,36,0.878
2025-12-05,El Refugio,Mediano,119,25405.0,87,0.7311
2025-12-05,Jurica,Chico,63,10625.0,54,0.8571
2025-12-05,Jurica,Grande,35,9335.0,28,0.8
2025-12-05,Jurica,Mediano,79,16985.0,61,0.7722
2025-12-05,Juriquilla,Chico,88,14630.0,71,0.8068
2025-12-05,Juriquilla,Grande,52,13685.0,38,0.7308
2025-12-05,Juriquilla,Mediano,162,34495.0,116,0.716
2025-12-06,Campanario,Chico,112,18260.0,81,0.7232
2025-12-06,Campanario,Grande,62,16330.0,45,0.7258
2025-12-06,Campanario,Mediano,158,33880.0,118,0.7468
2025-12-06,Centro Sur,Chico,51,8325.0,37,0.7255
2025-12-06,Centro Sur,Grande,32,8350.0,21,0.6562
2025-12-06,Centro Sur,Mediano,102,21790.0,75,0.7353
2025-12-06,El Refugio,Chico,83,13635.0,62,0.747
2025-12-06,El Refugio,Grande,49,13015.0,39,0.7959
2025-12-06,El Refugio,Mediano,123,26410.0,94,0.7642
2025-12-06,Jurica,Chico,59,9710.0,45,0.7627
2025-12-06,Jurica,Grande,33,8615.0,22,0.6667
2025-12-06,Jurica,Mediano,88,18870.0,66,0.75
2025-12-06,Juriquilla,Chico,102,16815.0,78,0.7647
2025-12-06,Juriquilla,Grande,64,16965.0,49,0.7656
2025-12-06,Juriquilla,Mediano,168,35565.0,115,0.6845
2025-12-07,Campanario,Chico,83,13505.0,59,0.7108
2025-12-07,Campanario,Grande,73,19395.0,57,0.7808
2025-12-07,Campanario,Mediano,151,32430.0,116,0.7682
2025-12-07,Centro Sur,Chico,53,8780.0,41,0.7736
2025-12-07,Centro Sur,Grande,30,7830.0,20,0.6667
2025-12-07,Centro Sur,Mediano,98,21140.0,77,0.7857
2025-12-07,El Refugio,Chico,68,11205.0,52,0.7647
2025-12-07,El Refugio,Grande,48,12715.0,37,0.7708
2025-12-07,El Refugio,Mediano,134,28875.0,104,0.7761
2025-12-07,Jurica,Chico,48,7765.0,33,0.6875
2025-12-07,Jurica,Grande,34,9125.0,29,0.8529
2025-12-07,Jurica,Mediano,100,21460.0,76,0.76
2025-12-07,Juriquilla,Chico,89,14810.0,72,0.809
2025-12-07,Juriquilla,Grande,69,18315.0,54,0.7826
2025-12-07,Juriquilla,Mediano,149,31990.0,114,0.7651
2025-12-08,Campanario,Chico,110,17945.0,80,0.7273
2025-12-08,Campanario,Grande,68,18060.0,53,0.7794
2025-12-08,Campanario,Mediano,172,36695.0,124,0.7209
2025-12-08,Centro Sur,Chico,63,10465.0,50,0.7937
2025-12-08,Centro Sur,Grande,45,11910.0,34,0.7556
2025-12-08,Centro Sur,Mediano,112,24065.0,86,0.7679
2025-12-08,El Refugio,Chico,81,13555.0,67,0.8272
2025-12-08,El Refugio,Grande,68,18035.0,52,0.7647
2025-12-08,El Refugio,Mediano,145,30820.0,102,0.7034
2025-12-08,Jurica,Chico,65,10700.0,49,0.7538
2025-12-08,Jurica,Grande,49,13085.0,40,0.8163
2025-12-08,Jurica,Mediano,119,25565.0,91,0.7647
2025-12-08,Juriquilla,Chico,119,19380.0,85,0.7143
2025-12-08,Juriquilla,Grande,87,22865.0,62,0.7126
2025-12-08,Juriquilla,Mediano,191,40815.0,141,0.7382
2025-12-09,Campanario,Chico,93,15305.0,70,0.7527
2025-12-09,Campanario,Grande,101,26520.0,71,0.703
2025-12-09,Campanario,Mediano,184,39570.0,142,0.7717
2025-12-09,Centro Sur,Chico,70,11355.0,49,0.7
2025-12-09,Centro Sur,Grande,41,10665.0,26,0.6341
2025-12-09,Centro Sur,Mediano,104,22155.0,75,0.7212
2025-12-09,El Refugio,Chico,94,15365.0,68,0.7234
2025-12-09,El Refugio,Grande,57,14995.0,41,0.7193
2025-12-09,El Refugio,Mediano,147,31605.0,113,0.7687
2025-12-09,Jurica,Chico,70,11305.0,48,0.6857
2025-12-09,Jurica,Grande,44,11855.0,39,0.8864
2025-12-09,Jurica,Mediano,104,22465.0,83,0.7981
2025-12-09,Juriquilla,Chico,118,19630.0,94,0.7966
2025-12-09,Juriquilla,Grande,81,21145.0,54,0.6667
2025-12-09,Juriquilla,Mediano,195,41500.0,138,0.7077
2025-12-10,Campanario,Chico,104,16920.0,74,0.7115
2025-12-10,Campanario,Grande,81,21340.0,59,0.7284
2025-12-10,Campanario,Mediano,163,34875.0,122,0.7485
2025-12-10,Centro Sur,Chico,64,10785.0,55,0.8594
2025-12-10,Centro Sur,Grande,47,12580.0,39,0.8298
2025-12-10,Centro Sur,Mediano,113,24310.0,87,0.7699
2025-12-10,El Refugio,Chico,90,14620.0,63,0.7
2025-12-10,El Refugio,Grande,59,15555.0,43,0.7288
2025-12-10,El Refugio,Mediano,148,31625.0,109,0.7365
2025-12-10,Jurica,Chico,62,10365.0,51,0.8226
2025-12-10,Jurica,Grande,39,10400.0,32,0.8205
2025-12-10,Jurica,Mediano,92,19775.0,71,0.7717
2025-12-10,Juriquilla,Chico,95,15455.0,67,0.7053
2025-12-10,Juriquilla,Grande,70,18640.0,56,0.8
2025-12-10,Juriquilla,Mediano,165,35015.0,115,0.697
2025-12-11,Campanario,Chico,108,17920.0,86,0.7963
2025-12-11,Campanario,Grande,60,15855.0,45,0.75
2025-12-11,Campanario,Mediano,168,35815.0,121,0.7202
2025-12-11,Centro Sur,Chico,60,9755.0,43,0.7167
2025-12-11,Centro Sur,Grande,46,12045.0,31,0.6739
2025-12-11,Centro Sur,Mediano,98,20790.0,68,0.6939
2025-12-11,El Refugio,Chico,83,13650.0,63,0.759
2025-12-11,El Refugio,Grande,66,17580.0,53,0.803
2025-12-11,El Refugio,Mediano,147,31695.0,115,0.7823
2025-12-11,Jurica,Chico,60,9710.0,42,0.7
2025-12-11,Jurica,Grande,55,14320.0,36,0.6545
2025-12-11,Jurica,Mediano,108,22895.0,74,0.6852
2025-12-11,Juriquilla,Chico,110,18065.0,83,0.7545
2025-12-11,Juriquilla,Grande,64,16760.0,44,0.6875
2025-12-11,Juriquilla,Mediano,197,42575.0,157,0.797
2025-12-12,Campanario,Chico,99,15905.0,66,0.6667
2025-12-12,Campanario,Grande,71,18590.0,49,0.6901
2025-12-12,Campanario,Mediano,167,35415.0,117,0.7006
2025-12-12,Centro Sur,Chico,66,10930.0,52,0.7879
2025-12-12,Centro Sur,Grande,36,9630.0,30,0.8333
2025-12-12,Centro Sur,Mediano,123,26350.0,92,0.748
2025-12-12,El Refugio,Chico,79,13065.0,62,0.7848
2025-12-12,El Refugio,Grande,48,12905.0,42,0.875
2025-12-12,El Refugio,Mediano,129,27480.0,93,0.7209
2025-12-12,Jurica,Chico,61,10030.0,46,0.7541
2025-12-12,Jurica,Grande,27,7125.0,20,0.7407
2025-12-12,Jurica,Mediano,86,18280.0,61,0.7093
2025-12-12,Juriquilla,Chico,78,12670.0,55,0.7051
2025-12-12,Juriquilla,Grande,61,15965.0,42,0.6885
2025-12-12,Juriquilla,Mediano,136,28985.0,99,0.7279
2025-12-13,Campanario,Chico,94,15410.0,70,0.7447
2025-12-13,Campanario,Grande,70,18345.0,49,0.7
2025-12-13,Campanario,Mediano,164,35310.0,127,0.7744
2025-12-13,Centro Sur,Chico,65,10560.0,46,0.7077
2025-12-13,Centro Sur,Grande,36,9715.0,32,0.8889
2025-12-13,Centro Sur,Mediano,96,20465.0,70,0.7292
2025-12-13,El Refugio,Chico,74,12195.0,56,0.7568
2025-12-13,El Refugio,Grande,49,12980.0,37,0.7551
2025-12-13,El Refugio,Mediano,117,25105.0,88,0.7521
2025-12-13,Jurica,Chico,60,9730.0,42,0.7
2025-12-13,Jurica,Grande,44,11670.0,34,0.7727
2025-12-13,Jurica,Mediano,90,19400.0,70,0.7778
2025-12-13,Juriquilla,Chico,84,13680.0,60,0.7143
2025-12-13,Juriquilla,Grande,57,14880.0,38,0.6667
2025-12-13,Juriquilla,Mediano,158,34135.0,125,0.7911
2025-12-14,Campanario,Chico,94,15460.0,71,0.7553
2025-12-14,Campanario,Grande,47,12495.0,37,0.7872
2025-12-14,Campanario,Mediano,140,30075.0,107,0.7643
2025-12-14,Centro Sur,Chico,63,10365.0,48,0.7619
2025-12-14,Centro Sur,Grande,31,8255.0,25,0.8065
2025-12-14,Centro Sur,Mediano,97,20680.0,70,0.7216
2025-12-14,El Refugio,Chico,68,11275.0,54,0.7941
2025-12-14,El Refugio,Grande,58,15180.0,40,0.6897
2025-12-14,El Refugio,Mediano,119,25515.0,90,0.7563
2025-12-14,Jurica,Chico,49,7740.0,29,0.5918
2025-12-14,Jurica,Grande,37,9630.0,24,0.6486
2025-12-14,Jurica,Mediano,96,20465.0,70,0.7292
2025-12-14,Juriquilla,Chico,84,13725.0,61,0.7262
2025-12-14,Juriquilla,Grande,65,17500.0,57,0.8769
2025-12-14,Juriquilla,Mediano,166,35645.0,127,0.7651
2025-12-15,Campanario,Chico,79,13205.0,65,0.8228
2025-12-15,Campanario,Grande,80,21210.0,62,0.775
2025-12-15,Campanario,Mediano,191,40580.0,135,0.7068
2025-12-15,Centro Sur,Chico,66,10945.0,52,0.7879
2025-12-15,Centro Sur,Grande,45,11985.0,36,0.8
2025-12-15,Centro Sur,Mediano,105,22665.0,83,0.7905
2025-12-15,El Refugio,Chico,96,15970.0,78,0.8125
2025-12-15,El Refugio,Grande,59,15655.0,46,0.7797
2025-12-15,El Refugio,Mediano,144,30740.0,106,0.7361
2025-12-15,Jurica,Chico,50,8460.0,43,0.86
2025-12-15,Jurica,Grande,40,10575.0,30,0.75
2025-12-15,Jurica,Mediano,117,25220.0,91,0.7778
2025-12-15,Juriquilla,Chico,108,17760.0,81,0.75
2025-12-15,Juriquilla,Grande,67,17645.0,49,0.7313
2025-12-15,Juriquilla,Mediano,207,44355.0,155,0.7488
2025-12-16,Campanario,Chico,115,19060.0,90,0.7826
2025-12-16,Campanario,Grande,74,19490.0,54,0.7297
2025-12-16,Campanario,Mediano,159,34340.0,125,0.7862
2025-12-16,Centro Sur,Chico,81,13395.0,63,0.7778
2025-12-16,Centro Sur,Grande,39,10300.0,29,0.7436
2025-12-16,Centro Sur,Mediano,108,23065.0,78,0.7222
2025-12-16,El Refugio,Chico,77,12320.0,49,0.6364
2025-12-16,El Refugio,Grande,55,14770.0,47,0.8545
2025-12-16,El Refugio,Mediano,143,30540.0,104,0.7273
2025-12-16,Jurica,Chico,67,11145.0,54,0.806
2025-12-16,Jurica,Grande,44,11755.0,36,0.8182
2025-12-16,Jurica,Mediano,126,26810.0,90,0.7143
2025-12-16,Juriquilla,Chico,131,21455.0,96,0.7328
2025-12-16,Juriquilla,Grande,68,18085.0,54,0.7941
2025-12-16,Juriquilla,Mediano,189,41025.0,155,0.8201
2025-12-17,Campanario,Chico,103,16875.0,76,0.7379
2025-12-17,Campanario,Grande,74,19670.0,58,0.7838
2025-12-17,Campanario,Mediano,196,41800.0,141,0.7194
2025-12-17,Centro Sur,Chico,70,11260.0,47,0.6714
2025-12-17,Centro Sur,Grande,51,13485.0,39,0.7647
2025-12-17,Centro Sur,Mediano,104,22255.0,76,0.7308
2025-12-17,El Refugio,Chico,91,14995.0,70,0.7692
2025-12-17,El Refugio,Grande,53,13880.0,36,0.6792
2025-12-17,El Refugio,Mediano,167,36035.0,132,0.7904
2025-12-17,Jurica,Chico,71,11850.0,58,0.8169
2025-12-17,Jurica,Grande,43,11465.0,35,0.814
2025-12-17,Jurica,Mediano,110,23595.0,83,0.7545
2025-12-17,Juriquilla,Chico,95,15845.0,77,0.8105
2025-12-17,Juriquilla,Grande,85,22640.0,68,0.8
2025-12-17,Juriquilla,Mediano,190,40875.0,146,0.7684
2025-12-18,Campanario,Chico,112,18655.0,90,0.8036
2025-12-18,Campanario,Grande,68,17795.0,47,0.6912
2025-12-18,Campanario,Mediano,188,39915.0,131,0.6968
2025-12-18,Centro Sur,Chico,66,10850.0,49,0.7424
2025-12-18,Centro Sur,Grande,53,14065.0,41,0.7736
2025-12-18,Centro Sur,Mediano,101,21820.0,81,0.802
2025-12-18,El Refugio,Chico,80,13130.0,61,0.7625
2025-12-18,El Refugio,Grande,56,14970.0,46,0.8214
2025-12-18,El Refugio,Mediano,152,32535.0,113,0.7434
2025-12-18,Jurica,Chico,62,10185.0,46,0.7419
2025-12-18,Jurica,Grande,40,10605.0,31,0.775
2025-12-18,Jurica,Mediano,102,22065.0,82,0.8039
2025-12-18,Juriquilla,Chico,113,18750.0,90,0.7965
2025-12-18,Juriquilla,Grande,55,14605.0,43,0.7818
2025-12-18,Juriquilla,Mediano,187,40100.0,141,0.754
2025-12-19,Campanario,Chico,80,13410.0,67,0.8375
2025-12-19,Campanario,Grande,71,18825.0,55,0.7746
2025-12-19,Campanario,Mediano,148,31940.0,117,0.7905
2025-12-19,Centro Sur,Chico,57,9535.0,47,0.8246
2025-12-19,Centro Sur,Grande,35,9280.0,27,0.7714
2025-12-19,Centro Sur,Mediano,83,17545.0,56,0.6747
2025-12-19,El Refugio,Chico,67,11115.0,53,0.791
2025-12-19,El Refugio,Grande,52,13790.0,40,0.7692
2025-12-19,El Refugio,Mediano,135,29210.0,108,0.8
2025-12-19,Jurica,Chico,62,9985.0,41,0.6613
2025-12-19,Jurica,Grande,53,13785.0,34,0.6415
2025-12-19,Jurica,Mediano,86,18350.0,63,0.7326
2025-12-19,Juriquilla,Chico,97,15930.0,72,0.7423
2025-12-19,Juriquilla,Grande,65,17135.0,47,0.7231
2025-12-19,Juriquilla,Mediano,140,30140.0,109,0.7786
2025-12-20,Campanario,Chico,95,15730.0,74,0.7789
2025-12-20,Campanario,Grande,57,15010.0,41,0.7193
2025-12-20,Campanario,Mediano,132,28390.0,102,0.7727
2025-12-20,Centro Sur,Chico,64,10440.0,46,0.7188
2025-12-20,Centro Sur,Grande,45,12110.0,39,0.8667
2025-12-20,Centro Sur,Mediano,84,18055.0,64,0.7619
2025-12-20,El Refugio,Chico,65,10460.0,43,0.6615
2025-12-20,El Refugio,Grande,44,11545.0,31,0.7045
2025-12-20,El Refugio,Mediano,128,27295.0,92,0.7188
2025-12-20,Jurica,Chico,58,9770.0,50,0.8621
2025-12-20,Jurica,Grande,31,8210.0,24,0.7742
2025-12-20,Jurica,Mediano,97,20680.0,70,0.7216
2025-12-20,Juriquilla,Chico,86,14215.0,67,0.7791
2025-12-20,Juriquilla,Grande,63,16765.0,50,0.7937
2025-12-20,Juriquilla,Mediano,164,34915.0,117,0.7134
2025-12-21,Campanario,Chico,105,17220.0,78,0.7429
2025-12-21,Campanario,Grande,64,16990.0,50,0.7812
2025-12-21,Campanario,Mediano,153,33145.0,124,0.8105
2025-12-21,Centro Sur,Chico,47,7810.0,38,0.8085
2025-12-21,Centro Sur,Grande,25,6430.0,14,0.56
2025-12-21,Centro Sur,Mediano,109,23210.0,78,0.7156
2025-12-21,El Refugio,Chico,67,10810.0,45,0.6716
2025-12-21,El Refugio,Grande,49,12760.0,32,0.6531
2025-12-21,El Refugio,Mediano,109,23170.0,77,0.7064
2025-12-21,Jurica,Chico,65,10650.0,48,0.7385
2025-12-21,Jurica,Grande,35,9165.0,24,0.6857
2025-12-21,Jurica,Mediano,80,17145.0,60,0.75
2025-12-21,Juriquilla,Chico,99,16270.0,74,0.7475
2025-12-21,Juriquilla,Grande,53,13925.0,38,0.717
2025-12-21,Juriquilla,Mediano,162,35215.0,133,0.821
2025-12-22,Campanario,Chico,110,18350.0,90,0.8182
2025-12-22,Campanario,Grande,69,18405.0,56,0.8116
2025-12-22,Campanario,Mediano,195,42090.0,154,0.7897
2025-12-22,Centro Sur,Chico,62,10350.0,51,0.8226
2025-12-22,Centro Sur,Grande,50,13310.0,40,0.8
2025-12-22,Centro Sur,Mediano,127,27280.0,97,0.7638
2025-12-22,El Refugio,Chico,88,14580.0,69,0.7841
2025-12-22,El Refugio,Grande,66,17205.0,44,0.6667
2025-12-22,El Refugio,Mediano,140,30055.0,106,0.7571
2025-12-22,Jurica,Chico,68,10940.0,45,0.6618
2025-12-22,Jurica,Grande,55,14640.0,44,0.8
2025-12-22,Jurica,Mediano,80,17020.0,58,0.725
2025-12-22,Juriquilla,Chico,108,18045.0,89,0.8241
2025-12-22,Juriquilla,Grande,71,18785.0,54,0.7606
2025-12-22,Juriquilla,Mediano,189,40480.0,142,0.7513
2025-12-23,Campanario,Chico,110,18025.0,81,0.7364
2025-12-23,Campanario,Grande,75,19620.0,51,0.68
2025-12-23,Campanario,Mediano,197,42880.0,165,0.8376
2025-12-23,Centro Sur,Chico,64,10400.0,45,0.7031
2025-12-23,Centro Sur,Grande,45,11860.0,33,0.7333
2025-12-23,Centro Sur,Mediano,110,23480.0,81,0.7364
2025-12-23,El Refugio,Chico,93,15105.0,66,0.7097
2025-12-23,El Refugio,Grande,57,15135.0,44,0.7719
2025-12-23,El Refugio,Mediano,153,33170.0,125,0.817
2025-12-23,Jurica,Chico,76,12775.0,64,0.8421
2025-12-23,Jurica,Grande,40,10485.0,28,0.7
2025-12-23,Jurica,Mediano,111,23690.0,81,0.7297
2025-12-23,Juriquilla,Chico,94,15690.0,77,0.8191
2025-12-23,Juriquilla,Grande,72,19235.0,59,0.8194
2025-12-23,Juriquilla,Mediano,185,39405.0,132,0.7135
2025-12-24,Campanario,Chico,86,14015.0,62,0.7209
2025-12-24,Campanario,Grande,61,16190.0,47,0.7705
2025-12-24,Campanario,Mediano,202,43030.0,145,0.7178
2025-12-24,Centro Sur,Chico,63,10170.0,43,0.6825
2025-12-24,Centro Sur,Grande,31,8040.0,20,0.6452
2025-12-24,Centro Sur,Mediano,106,22570.0,76,0.717
2025-12-24,El Refugio,Chico,76,12620.0,60,0.7895
2025-12-24,El Refugio,Grande,77,20255.0,55,0.7143
2025-12-24,El Refugio,Mediano,129,27755.0,100,0.7752
2025-12-24,Jurica,Chico,76,12520.0,58,0.7632
2025-12-24,Jurica,Grande,29,7715.0,23,0.7931
2025-12-24,Jurica,Mediano,102,21400.0,65,0.6373
2025-12-24,Juriquilla,Chico,111,18175.0,82,0.7387
2025-12-24,Juriquilla,Grande,65,17065.0,46,0.7077
2025-12-24,Juriquilla,Mediano,196,42040.0,148,0.7551
2025-12-25,Campanario,Chico,102,16685.0,75,0.7353
2025-12-25,Campanario,Grande,69,18105.0,49,0.7101
2025-12-25,Campanario,Mediano,201,43065.0,151,0.7512
2025-12-25,Centro Sur,Chico,65,10565.0,46,0.7077
2025-12-25,Centro Sur,Grande,43,11555.0,37,0.8605
2025-12-25,Centro Sur,Mediano,104,22230.0,76,0.7308
2025-12-25,El Refugio,Chico,88,14360.0,64,0.7273
2025-12-25,El Refugio,Grande,66,17385.0,48,0.7273
2025-12-25,El Refugio,Mediano,153,32675.0,112,0.732
2025-12-25,Jurica,Chico,60,10175.0,53,0.8833
2025-12-25,Jurica,Grande,43,11210.0,28,0.6512
2025-12-25,Jurica,Mediano,114,24415.0,86,0.7544
2025-12-25,Juriquilla,Chico,122,20080.0,93,0.7623
2025-12-25,Juriquilla,Grande,81,21295.0,58,0.716
2025-12-25,Juriquilla,Mediano,180,38660.0,137,0.7611
2025-12-26,Campanario,Chico,83,13655.0,63,0.759
2025-12-26,Campanario,Grande,59,15555.0,44,0.7458
2025-12-26,Campanario,Mediano,159,34425.0,128,0.805
2025-12-26,Centro Sur,Chico,44,7180.0,32,0.7273
2025-12-26,Centro Sur,Grande,27,7170.0,21,0.7778
2025-12-26,Centro Sur,Mediano,95,20205.0,67,0.7053
2025-12-26,El Refugio,Chico,72,11930.0,57,0.7917
2025-12-26,El Refugio,Grande,57,15020.0,42,0.7368
2025-12-26,El Refugio,Mediano,112,24160.0,88,0.7857
2025-12-26,Jurica,Chico,56,9270.0,44,0.7857
2025-12-26,Jurica,Grande,35,9150.0,24,0.6857
2025-12-26,Jurica,Mediano,116,24860.0,87,0.75
2025-12-26,Juriquilla,Chico,100,16400.0,75,0.75
2025-12-26,Juriquilla,Grande,64,17025.0,51,0.7969
2025-12-26,Juriquilla,Mediano,160,34025.0,114,0.7125
2025-12-27,Campanario,Chico,97,15690.0,66,0.6804
2025-12-27,Campanario,Grande,68,18335.0,60,0.8824
2025-12-27,Campanario,Mediano,167,36215.0,136,0.8144
2025-12-27,Centro Sur,Chico,54,8965.0,43,0.7963
2025-12-27,Centro Sur,Grande,41,10845.0,31,0.7561
2025-12-27,Centro Sur,Mediano,103,22425.0,86,0.835
2025-12-27,El Refugio,Chico,79,13185.0,65,0.8228
2025-12-27,El Refugio,Grande,60,16095.0,51,0.85
2025-12-27,El Refugio,Mediano,105,22930.0,90,0.8571
2025-12-27,Jurica,Chico,54,8715.0,37,0.6852
2025-12-27,Jurica,Grande,35,9345.0,29,0.8286
2025-12-27,Jurica,Mediano,96,20690.0,76,0.7917
2025-12-27,Juriquilla,Chico,75,12540.0,62,0.8267
2025-12-27,Juriquilla,Grande,63,16370.0,40,0.6349
2025-12-27,Juriquilla,Mediano,150,32225.0,115,0.7667
2025-12-28,Campanario,Chico,102,16525.0,70,0.6863
2025-12-28,Campanario,Grande,54,14335.0,42,0.7778
2025-12-28,Campanario,Mediano,135,28940.0,102,0.7556
2025-12-28,Centro Sur,Chico,54,8905.0,41,0.7593
2025-12-28,Centro Sur,Grande,43,11225.0,29,0.6744
2025-12-28,Centro Sur,Mediano,85,18215.0,64,0.7529
2025-12-28,El Refugio,Chico,80,13160.0,60,0.75
2025-12-28,El Refugio,Grande,38,10160.0,32,0.8421
2025-12-28,El Refugio,Mediano,137,28920.0,91,0.6642
2025-12-28,Jurica,Chico,62,10290.0,49,0.7903
2025-12-28,Jurica,Grande,38,10115.0,30,0.7895
2025-12-28,Jurica,Mediano,104,22270.0,78,0.75
2025-12-28,Juriquilla,Chico,94,15490.0,72,0.766
2025-12-28,Juriquilla,Grande,62,16330.0,45,0.7258
2025-12-28,Juriquilla,Mediano,144,30895.0,109,0.7569
2025-12-29,Campanario,Chico,111,18495.0,90,0.8108
2025-12-29,Campanario,Grande,60,15880.0,46,0.7667
2025-12-29,Campanario,Mediano,168,35890.0,123,0.7321
2025-12-29,Centro Sur,Chico,63,10315.0,46,0.7302
2025-12-29,Centro Sur,Grande,49,13195.0,43,0.8776
2025-12-29,Centro Sur,Mediano,108,22945.0,76,0.7037
2025-12-29,El Refugio,Chico,87,14180.0,62,0.7126
2025-12-29,El Refugio,Grande,64,17045.0,52,0.8125
2025-12-29,El Refugio,Mediano,135,29015.0,103,0.763
2025-12-29,Jurica,Chico,60,9905.0,46,0.7667
2025-12-29,Jurica,Grande,43,11565.0,37,0.8605
2025-12-29,Jurica,Mediano,96,20890.0,80,0.8333
2025-12-29,Juriquilla,Chico,130,21360.0,98,0.7538
2025-12-29,Juriquilla,Grande,70,18605.0,55,0.7857
2025-12-29,Juriquilla,Mediano,192,41230.0,146,0.7604
2025-12-30,Campanario,Chico,117,19455.0,94,0.8034
2025-12-30,Campanario,Grande,65,16955.0,44,0.6769
2025-12-30,Campanario,Mediano,183,39380.0,142,0.776
2025-12-30,Centro Sur,Chico,57,9255.0,40,0.7018
2025-12-30,Centro Sur,Grande,35,9175.0,24,0.6857
2025-12-30,Centro Sur,Mediano,100,21305.0,71,0.71
2025-12-30,El Refugio,Chico,88,14215.0,60,0.6818
2025-12-30,El Refugio,Grande,56,14775.0,42,0.75
2025-12-30,El Refugio,Mediano,143,30835.0,112,0.7832
2025-12-30,Jurica,Chico,80,13100.0,59,0.7375
2025-12-30,Jurica,Grande,47,12370.0,34,0.7234
2025-12-30,Jurica,Mediano,84,18145.0,67,0.7976
2025-12-30,Juriquilla,Chico,94,15340.0,68,0.7234
2025-12-30,Juriquilla,Grande,82,21765.0,64,0.7805
2025-12-30,Juriquilla,Mediano,187,40800.0,159,0.8503
2025-12-31,Campanario,Chico,124,20150.0,87,0.7016
2025-12-31,Campanario,Grande,75,19625.0,51,0.68
2025-12-31,Campanario,Mediano,193,41450.0,149,0.772
2025-12-31,Centro Sur,Chico,81,13365.0,63,0.7778
2025-12-31,Centro Sur,Grande,43,11395.0,33,0.7674
2025-12-31,Centro Sur,Mediano,110,23700.0,86,0.7818
2025-12-31,El Refugio,Chico,75,12415.0,59,0.7867
2025-12-31,El Refugio,Grande,54,14160.0,38,0.7037
2025-12-31,El Refugio,Mediano,146,31415.0,113,0.774
2025-12-31,Jurica,Chico,67,11100.0,52,0.7761
2025-12-31,Jurica,Grande,37,9980.0,33,0.8919
2025-12-31,Jurica,Mediano,114,24415.0,85,0.7456
2025-12-31,Juriquilla,Chico,86,14250.0,67,0.7791
2025-12-31,Juriquilla,Grande,85,22455.0,63,0.7412
2025-12-31,Juriquilla,Mediano,159,34095.0,120,0.7547
2026-01-01,Campanario,Chico,110,18315.0,89,0.8091
2026-01-01,Campanario,Grande,81,21700.0,68,0.8395
2026-01-01,Campanario,Mediano,203,43335.0,148,0.7291
2026-01-01,Centro Sur,Chico,73,12015.0,55,0.7534
2026-01-01,Centro Sur,Grande,37,9750.0,27,0.7297
2026-01-01,Centro Sur,Mediano,115,24600.0,85,0.7391
2026-01-01,El Refugio,Chico,91,15020.0,71,0.7802
2026-01-01,El Refugio,Grande,54,14300.0,41,0.7593
2026-01-01,El Refugio,Mediano,156,33570.0,120,0.7692
2026-01-01,Jurica,Chico,71,11575.0,51,0.7183
2026-01-01,Jurica,Grande,52,13725.0,39,0.75
2026-01-01,Jurica,Mediano,120,25625.0,88,0.7333
2026-01-01,Juriquilla,Chico,124,20395.0,94,0.7581
2026-01-01,Juriquilla,Grande,66,17275.0,46,0.697
2026-01-01,Juriquilla,Mediano,157,33905.0,125,0.7962
2026-01-02,Campanario,Chico,98,16235.0,77,0.7857
2026-01-02,Campanario,Grande,68,17915.0,50,0.7353
2026-01-02,Campanario,Mediano,149,32100.0,117,0.7852
2026-01-02,Centro Sur,Chico,51,8555.0,43,0.8431
2026-01-02,Centro Sur,Grande,36,9575.0,28,0.7778
2026-01-02,Centro Sur,Mediano,88,18410.0,54,0.6136
2026-01-02,El Refugio,Chico,98,16185.0,75,0.7653
2026-01-02,El Refugio,Grande,54,14140.0,37,0.6852
2026-01-02,El Refugio,Mediano,130,28140.0,104,0.8
2026-01-02,Jurica,Chico,64,10635.0,51,0.7969
2026-01-02,Jurica,Grande,28,7245.0,17,0.6071
2026-01-02,Jurica,Mediano,106,22795.0,81,0.7642
2026-01-02,Juriquilla,Chico,81,13100.0,55,0.679
2026-01-02,Juriquilla,Grande,48,12505.0,31,0.6458
2026-01-02,Juriquilla,Mediano,162,34215.0,110,0.679
2026-01-03,Campanario,Chico,87,14555.0,73,0.8391
2026-01-03,Campanario,Grande,74,19185.0,46,0.6216
2026-01-03,Campanario,Mediano,152,32545.0,114,0.75
2026-01-03,Centro Sur,Chico,64,10630.0,51,0.7969
2026-01-03,Centro Sur,Grande,44,11890.0,39,0.8864
2026-01-03,Centro Sur,Mediano,110,23535.0,82,0.7455
2026-01-03,El Refugio,Chico,75,12185.0,53,0.7067
2026-01-03,El Refugio,Grande,53,13970.0,39,0.7358
2026-01-03,El Refugio,Mediano,128,27410.0,96,0.75
2026-01-03,Jurica,Chico,39,6385.0,29,0.7436
2026-01-03,Jurica,Grande,37,9845.0,29,0.7838
2026-01-03,Jurica,Mediano,104,22465.0,83,0.7981
2026-01-03,Juriquilla,Chico,94,15650.0,76,0.8085
2026-01-03,Juriquilla,Grande,61,16040.0,44,0.7213
2026-01-03,Juriquilla,Mediano,138,29870.0,110,0.7971
2026-01-04,Campanario,Chico,80,13205.0,62,0.775
2026-01-04,Campanario,Grande,50,13210.0,37,0.74
2026-01-04,Campanario,Mediano,147,31555.0,111,0.7551
2026-01-04,Centro Sur,Chico,69,11080.0,45,0.6522
2026-01-04,Centro Sur,Grande,38,10180.0,32,0.8421
2026-01-04,Centro Sur,Mediano,89,19050.0,66,0.7416
2026-01-04,El Refugio,Chico,87,14405.0,68,0.7816
2026-01-04,El Refugio,Grande,53,13905.0,37,0.6981
2026-01-04,El Refugio,Mediano,120,25790.0,92,0.7667
2026-01-04,Jurica,Chico,61,10035.0,46,0.7541
2026-01-04,Jurica,Grande,38,10130.0,31,0.8158
2026-01-04,Jurica,Mediano,90,19410.0,71,0.7889
2026-01-04,Juriquilla,Chico,100,16405.0,74,0.74
2026-01-04,Juriquilla,Grande,73,19105.0,51,0.6986
2026-01-04,Juriquilla,Mediano,161,34275.0,115,0.7143
2026-01-05,Campanario,Chico,91,14845.0,65,0.7143
2026-01-05,Campanario,Grande,73,19355.0,56,0.7671
2026-01-05,Campanario,Mediano,182,38550.0,124,0.6813
2026-01-05,Centro Sur,Chico,58,9585.0,45,0.7759
2026-01-05,Centro Sur,Grande,49,13000.0,38,0.7755
2026-01-05,Centro Sur,Mediano,122,26440.0,99,0.8115
2026-01-05,El Refugio,Chico,67,11030.0,51,0.7612
2026-01-05,El Refugio,Grande,49,12890.0,35,0.7143
2026-01-05,El Refugio,Mediano,142,30345.0,104,0.7324
2026-01-05,Jurica,Chico,54,9150.0,48,0.8889
2026-01-05,Jurica,Grande,56,14750.0,41,0.7321
2026-01-05,Jurica,Mediano,123,26410.0,94,0.7642
2026-01-05,Juriquilla,Chico,103,16625.0,69,0.6699
2026-01-05,Juriquilla,Grande,75,19820.0,56,0.7467
2026-01-05,Juriquilla,Mediano,194,41455.0,143,0.7371
2026-01-06,Campanario,Chico,115,18640.0,81,0.7043
2026-01-06,Campanario,Grande,68,18225.0,58,0.8529
2026-01-06,Campanario,Mediano,202,43350.0,153,0.7574
2026-01-06,Centro Sur,Chico,49,8140.0,39,0.7959
2026-01-06,Centro Sur,Grande,38,10135.0,31,0.8158
2026-01-06,Centro Sur,Mediano,119,25340.0,86,0.7227
2026-01-06,El Refugio,Chico,100,16595.0,80,0.8
2026-01-06,El Refugio,Grande,55,14530.0,41,0.7455
2026-01-06,El Refugio,Mediano,145,31320.0,116,0.8
2026-01-06,Jurica,Chico,74,12170.0,56,0.7568
2026-01-06,Jurica,Grande,45,11750.0,30,0.6667
2026-01-06,Jurica,Mediano,92,19690.0,68,0.7391
2026-01-06,Juriquilla,Chico,106,17460.0,81,0.7642
2026-01-06,Juriquilla,Grande,79,20755.0,56,0.7089
2026-01-06,Juriquilla,Mediano,182,38860.0,133,0.7308
2026-01-07,Campanario,Chico,103,16665.0,71,0.6893
2026-01-07,Campanario,Grande,89,23545.0,67,0.7528
2026-01-07,Campanario,Mediano,206,43900.0,148,0.7184
2026-01-07,Centro Sur,Chico,70,11145.0,44,0.6286
2026-01-07,Centro Sur,Grande,41,10805.0,30,0.7317
2026-01-07,Centro Sur,Mediano,110,23650.0,85,0.7727
2026-01-07,El Refugio,Chico,99,16050.0,69,0.697
2026-01-07,El Refugio,Grande,52,13655.0,37,0.7115
2026-01-07,El Refugio,Mediano,155,33230.0,116,0.7484
2026-01-07,Jurica,Chico,71,11815.0,57,0.8028
2026-01-07,Jurica,Grande,43,11355.0,32,0.7442
2026-01-07,Jurica,Mediano,115,24425.0,80,0.6957
2026-01-07,Juriquilla,Chico,92,15260.0,73,0.7935
2026-01-07,Juriquilla,Grande,64,16745.0,44,0.6875
2026-01-07,Juriquilla,Mediano,174,37475.0,135,0.7759
2026-01-08,Campanario,Chico,114,18850.0,88,0.7719
2026-01-08,Campanario,Grande,73,19265.0,54,0.7397
2026-01-08,Campanario,Mediano,178,38500.0,143,0.8034
2026-01-08,Centro Sur,Chico,66,11015.0,54,0.8182
2026-01-08,Centro Sur,Grande,47,12220.0,30,0.6383
2026-01-08,Centro Sur,Mediano,108,23330.0,85,0.787
2026-01-08,El Refugio,Chico,96,15890.0,75,0.7812
2026-01-08,El Refugio,Grande,50,13240.0,38,0.76
2026-01-08,El Refugio,Mediano,156,33865.0,128,0.8205
2026-01-08,Jurica,Chico,55,9030.0,41,0.7455
2026-01-08,Jurica,Grande,45,12000.0,36,0.8
2026-01-08,Jurica,Mediano,118,25100.0,84,0.7119
2026-01-08,Juriquilla,Chico,118,19155.0,83,0.7034
2026-01-08,Juriquilla,Grande,64,16920.0,48,0.75
2026-01-08,Juriquilla,Mediano,176,37495.0,126,0.7159
2026-01-09,Campanario,Chico,90,14680.0,65,0.7222
2026-01-09,Campanario,Grande,69,18305.0,53,0.7681
2026-01-09,Campanario,Mediano,144,31055.0,113,0.7847
2026-01-09,Centro Sur,Chico,76,12590.0,60,0.7895
2026-01-09,Centro Sur,Grande,46,12330.0,39,0.8478
2026-01-09,Centro Sur,Mediano,92,19750.0,70,0.7609
2026-01-09,El Refugio,Chico,88,14590.0,69,0.7841
2026-01-09,El Refugio,Grande,44,11625.0,33,0.75
2026-01-09,El Refugio,Mediano,104,22075.0,72,0.6923
2026-01-09,Jurica,Chico,54,9105.0,46,0.8519
2026-01-09,Jurica,Grande,31,8135.0,22,0.7097
2026-01-09,Jurica,Mediano,81,17445.0,63,0.7778
2026-01-09,Juriquilla,Chico,88,14650.0,71,0.8068
2026-01-09,Juriquilla,Grande,62,16170.0,41,0.6613
2026-01-09,Juriquilla,Mediano,157,33965.0,127,0.8089
2026-01-10,Campanario,Chico,116,19495.0,98,0.8448
2026-01-10,Campanario,Grande,63,16590.0,46,0.7302
2026-01-10,Campanario,Mediano,149,32170.0,118,0.7919
2026-01-10,Centro Sur,Chico,55,8860.0,37,0.6727
2026-01-10,Centro Sur,Grande,32,8480.0,25,0.7812
2026-01-10,Centro Sur,Mediano,96,20160.0,62,0.6458
2026-01-10,El Refugio,Chico,92,14980.0,66,0.7174
2026-01-10,El Refugio,Grande,58,15190.0,40,0.6897
2026-01-10,El Refugio,Mediano,112,23810.0,79,0.7054
2026-01-10,Jurica,Chico,55,8630.0,31,0.5636
2026-01-10,Jurica,Grande,34,8880.0,23,0.6765
2026-01-10,Jurica,Mediano,88,19100.0,72,0.8182
2026-01-10,Juriquilla,Chico,103,16740.0,73,0.7087
2026-01-10,Juriquilla,Grande,61,16090.0,45,0.7377
2026-01-10,Juriquilla,Mediano,192,41070.0,143,0.7448
2026-01-11,Campanario,Chico,101,16485.0,73,0.7228
2026-01-11,Campanario,Grande,79,20960.0,61,0.7722
2026-01-11,Campanario,Mediano,139,29515.0,97,0.6978
2026-01-11,Centro Sur,Chico,60,9955.0,48,0.8
2026-01-11,Centro Sur,Grande,40,10695.0,33,0.825
2026-01-11,Centro Sur,Mediano,102,21875.0,77,0.7549
2026-01-11,El Refugio,Chico,68,11340.0,55,0.8088
2026-01-11,El Refugio,Grande,43,11310.0,31,0.7209
2026-01-11,El Refugio,Mediano,116,25060.0,92,0.7931
2026-01-11,Jurica,Chico,59,9670.0,44,0.7458
2026-01-11,Jurica,Grande,38,10255.0,34,0.8947
2026-01-11,Jurica,Mediano,98,20950.0,72,0.7347
2026-01-11,Juriquilla,Chico,97,16065.0,76,0.7835
2026-01-11,Juriquilla,Grande,49,12980.0,38,0.7755
2026-01-11,Juriquilla,Mediano,152,32825.0,120,0.7895
2026-01-12,Campanario,Chico,107,17140.0,69,0.6449
2026-01-12,Campanario,Grande,82,21460.0,56,0.6829
2026-01-12,Campanario,Mediano,164,35300.0,127,0.7744
2026-01-12,Centro Sur,Chico,61,10080.0,48,0.7869
2026-01-12,Centro Sur,Grande,49,13010.0,38,0.7755
2026-01-12,Centro Sur,Mediano,114,24640.0,91,0.7982
2026-01-12,El Refugio,Chico,95,15780.0,76,0.8
2026-01-12,El Refugio,Grande,62,16540.0,50,0.8065
2026-01-12,El Refugio,Mediano,149,31510.0,101,0.6779
2026-01-12,Jurica,Chico,52,8510.0,38,0.7308
2026-01-12,Jurica,Grande,39,10240.0,28,0.7179
2026-01-12,Jurica,Mediano,106,22435.0,72,0.6792
2026-01-12,Juriquilla,Chico,119,19400.0,86,0.7227
2026-01-12,Juriquilla,Grande,70,18610.0,55,0.7857
2026-01-12,Juriquilla,Mediano,166,35590.0,126,0.759
2026-01-13,Campanario,Chico,105,17295.0,80,0.7619
2026-01-13,Campanario,Grande,73,19370.0,57,0.7808
2026-01-13,Campanario,Mediano,177,38095.0,137,0.774
2026-01-13,Centro Sur,Chico,52,8565.0,40,0.7692
2026-01-13,Centro Sur,Grande,50,13215.0,38,0.76
2026-01-13,Centro Sur,Mediano,107,22975.0,82,0.7664
2026-01-13,El Refugio,Chico,93,15385.0,72,0.7742
2026-01-13,El Refugio,Grande,58,15415.0,46,0.7931
2026-01-13,El Refugio,Mediano,165,35080.0,117,0.7091
2026-01-13,Jurica,Chico,67,11035.0,51,0.7612
2026-01-13,Jurica,Grande,40,10530.0,29,0.725
2026-01-13,Jurica,Mediano,115,24250.0,76,0.6609
2026-01-13,Juriquilla,Chico,104,16805.0,71,0.6827
2026-01-13,Juriquilla,Grande,82,21730.0,63,0.7683
2026-01-13,Juriquilla,Mediano,168,36065.0,128,0.7619
2026-01-14,Campanario,Chico,113,18300.0,78,0.6903
2026-01-14,Campanario,Grande,57,15110.0,44,0.7719
2026-01-14,Campanario,Mediano,201,43190.0,155,0.7711
2026-01-14,Centro Sur,Chico,62,10210.0,47,0.7581
2026-01-14,Centro Sur,Grande,39,10385.0,31,0.7949
2026-01-14,Centro Sur,Mediano,109,23540.0,87,0.7982
2026-01-14,El Refugio,Chico,80,13395.0,66,0.825
2026-01-14,El Refugio,Grande,61,16045.0,44,0.7213
2026-01-14,El Refugio,Mediano,148,31335.0,102,0.6892
2026-01-14,Jurica,Chico,60,9845.0,44,0.7333
2026-01-14,Jurica,Grande,47,12490.0,37,0.7872
2026-01-14,Jurica,Mediano,116,25025.0,92,0.7931
2026-01-14,Juriquilla,Chico,128,20575.0,85,0.6641
2026-01-14,Juriquilla,Grande,62,16405.0,47,0.7581
2026-01-14,Juriquilla,Mediano,192,40665.0,132,0.6875
2026-01-15,Campanario,Chico,93,15080.0,64,0.6882
2026-01-15,Campanario,Grande,61,15915.0,41,0.6721
2026-01-15,Campanario,Mediano,178,37915.0,128,0.7191
2026-01-15,Centro Sur,Chico,64,10500.0,48,0.75
2026-01-15,Centro Sur,Grande,40,10625.0,31,0.775
2026-01-15,Centro Sur,Mediano,114,24420.0,85,0.7456
2026-01-15,El Refugio,Chico,77,12445.0,53,0.6883
2026-01-15,El Refugio,Grande,51,13560.0,40,0.7843
2026-01-15,El Refugio,Mediano,125,26410.0,85,0.68
2026-01-15,Jurica,Chico,72,12010.0,59,0.8194
2026-01-15,Jurica,Grande,59,15595.0,45,0.7627
2026-01-15,Jurica,Mediano,108,22935.0,76,0.7037
2026-01-15,Juriquilla,Chico,130,21500.0,102,0.7846
2026-01-15,Juriquilla,Grande,62,16375.0,47,0.7581
2026-01-15,Juriquilla,Mediano,203,43725.0,158,0.7783
2026-01-16,Campanario,Chico,77,12675.0,59,0.7662
2026-01-16,Campanario,Grande,52,13640.0,36,0.6923
2026-01-16,Campanario,Mediano,165,35590.0,130,0.7879
2026-01-16,Centro Sur,Chico,64,10555.0,49,0.7656
2026-01-16,Centro Sur,Grande,32,8485.0,25,0.7812
2026-01-16,Centro Sur,Mediano,93,20175.0,76,0.8172
2026-01-16,El Refugio,Chico,87,14380.0,68,0.7816
2026-01-16,El Refugio,Grande,32,8505.0,25,0.7812
2026-01-16,El Refugio,Mediano,129,27455.0,92,0.7132
2026-01-16,Jurica,Chico,68,11495.0,59,0.8676
2026-01-16,Jurica,Grande,43,11245.0,29,0.6744
2026-01-16,Jurica,Mediano,91,19390.0,65,0.7143
2026-01-16,Juriquilla,Chico,99,16570.0,83,0.8384
2026-01-16,Juriquilla,Grande,71,18485.0,46,0.6479
2026-01-16,Juriquilla,Mediano,163,35325.0,133,0.816
2026-01-17,Campanario,Chico,106,17380.0,78,0.7358
2026-01-17,Campanario,Grande,68,18125.0,55,0.8088
2026-01-17,Campanario,Mediano,146,31670.0,119,0.8151
2026-01-17,Centro Sur,Chico,49,7935.0,34,0.6939
2026-01-17,Centro Sur,Grande,33,8745.0,25,0.7576
2026-01-17,Centro Sur,Mediano,91,19470.0,67,0.7363
2026-01-17,El Refugio,Chico,77,12670.0,59,0.7662
2026-01-17,El Refugio,Grande,67,17765.0,52,0.7761
2026-01-17,El Refugio,Mediano,126,26705.0,87,0.6905
2026-01-17,Jurica,Chico,52,8300.0,33,0.6346
2026-01-17,Jurica,Grande,35,9265.0,27,0.7714
2026-01-17,Jurica,Mediano,90,19300.0,68,0.7556
2026-01-17,Juriquilla,Chico,95,15590.0,71,0.7474
2026-01-17,Juriquilla,Grande,67,17915.0,55,0.8209
2026-01-17,Juriquilla,Mediano,165,35485.0,127,0.7697
2026-01-18,Campanario,Chico,105,17140.0,76,0.7238
2026-01-18,Campanario,Grande,72,19115.0,56,0.7778
2026-01-18,Campanario,Mediano,157,33620.0,118,0.7516
2026-01-18,Centro Sur,Chico,62,10135.0,45,0.7258
2026-01-18,Centro Sur,Grande,23,6060.0,17,0.7391
2026-01-18,Centro Sur,Mediano,95,20555.0,77,0.8105
2026-01-18,El Refugio,Chico,70,11550.0,53,0.7571
2026-01-18,El Refugio,Grande,61,16165.0,47,0.7705
2026-01-18,El Refugio,Mediano,115,24655.0,86,0.7478
2026-01-18,Jurica,Chico,38,6135.0,26,0.6842
2026-01-18,Jurica,Grande,43,11250.0,29,0.6744
2026-01-18,Jurica,Mediano,100,21395.0,74,0.74
2026-01-18,Juriquilla,Chico,92,15095.0,68,0.7391
2026-01-18,Juriquilla,Grande,60,15685.0,41,0.6833
2026-01-18,Juriquilla,Mediano,152,32410.0,110,0.7237
2026-01-19,Campanario,Chico,97,16035.0,75,0.7732
2026-01-19,Campanario,Grande,76,20235.0,61,0.8026
2026-01-19,Campanario,Mediano,189,40770.0,148,0.7831
2026-01-19,Centro Sur,Chico,69,11450.0,55,0.7971
2026-01-19,Centro Sur,Grande,43,11550.0,37,0.8605
2026-01-19,Centro Sur,Mediano,135,29240.0,110,0.8148
2026-01-19,El Refugio,Chico,75,12320.0,56,0.7467
2026-01-19,El Refugio,Grande,54,14330.0,42,0.7778
2026-01-19,El Refugio,Mediano,154,33280.0,122,0.7922
2026-01-19,Jurica,Chico,79,13140.0,63,0.7975
2026-01-19,Jurica,Grande,53,13965.0,39,0.7358
2026-01-19,Jurica,Mediano,122,26165.0,92,0.7541
2026-01-19,Juriquilla,Chico,131,21205.0,90,0.687
2026-01-19,Juriquilla,Grande,77,20245.0,55,0.7143
2026-01-19,Juriquilla,Mediano,176,37610.0,130,0.7386
2026-01-20,Campanario,Chico,98,16335.0,80,0.8163
2026-01-20,Campanario,Grande,69,18350.0,55,0.7971
2026-01-20,Campanario,Mediano,193,41335.0,144,0.7461
2026-01-20,Centro Sur,Chico,61,10045.0,47,0.7705
2026-01-20,Centro Sur,Grande,43,11355.0,32,0.7442
2026-01-20,Centro Sur,Mediano,102,22155.0,84,0.8235
2026-01-20,El Refugio,Chico,99,16125.0,70,0.7071
2026-01-20,El Refugio,Grande,58,15425.0,46,0.7931
2026-01-20,El Refugio,Mediano,156,33525.0,120,0.7692
2026-01-20,Jurica,Chico,80,13275.0,63,0.7875
2026-01-20,Jurica,Grande,47,12360.0,34,0.7234
2026-01-20,Jurica,Mediano,110,23635.0,84,0.7636
2026-01-20,Juriquilla,Chico,111,18305.0,86,0.7748
2026-01-20,Juriquilla,Grande,69,18250.0,52,0.7536
2026-01-20,Juriquilla,Mediano,194,41595.0,145,0.7474
2026-01-21,Campanario,Chico,112,18405.0,85,0.7589
2026-01-21,Campanario,Grande,72,19060.0,55,0.7639
2026-01-21,Campanario,Mediano,193,40735.0,129,0.6684
2026-01-21,Centro Sur,Chico,65,11025.0,58,0.8923
2026-01-21,Centro Sur,Grande,43,11420.0,34,0.7907
2026-01-21,Centro Sur,Mediano,89,18950.0,64,0.7191
2026-01-21,El Refugio,Chico,88,14720.0,72,0.8182
2026-01-21,El Refugio,Grande,69,18270.0,53,0.7681
2026-01-21,El Refugio,Mediano,145,30845.0,103,0.7103
2026-01-21,Jurica,Chico,62,10110.0,45,0.7258
2026-01-21,Jurica,Grande,47,12575.0,39,0.8298
2026-01-21,Jurica,Mediano,112,23930.0,82,0.7321
2026-01-21,Juriquilla,Chico,111,18455.0,90,0.8108
2026-01-21,Juriquilla,Grande,78,20680.0,60,0.7692
2026-01-21,Juriquilla,Mediano,150,32305.0,117,0.78
2026-01-22,Campanario,Chico,98,16360.0,80,0.8163
2026-01-22,Campanario,Grande,75,19900.0,58,0.7733
2026-01-22,Campanario,Mediano,205,44215.0,162,0.7902
2026-01-22,Centro Sur,Chico,64,10590.0,50,0.7812
2026-01-22,Centro Sur,Grande,44,11595.0,32,0.7273
2026-01-22,Centro Sur,Mediano,108,22750.0,71,0.6574
2026-01-22,El Refugio,Chico,78,12755.0,57,0.7308
2026-01-22,El Refugio,Grande,52,13660.0,37,0.7115
2026-01-22,El Refugio,Mediano,161,34520.0,122,0.7578
2026-01-22,Jurica,Chico,69,11315.0,52,0.7536
2026-01-22,Jurica,Grande,32,8410.0,23,0.7188
2026-01-22,Jurica,Mediano,102,22045.0,81,0.7941
2026-01-22,Juriquilla,Chico,95,15615.0,72,0.7579
2026-01-22,Juriquilla,Grande,77,20360.0,58,0.7532
2026-01-22,Juriquilla,Mediano,199,42445.0,145,0.7286
2026-01-23,Campanario,Chico,102,16595.0,73,0.7157
2026-01-23,Campanario,Grande,54,14145.0,37,0.6852
2026-01-23,Campanario,Mediano,146,31135.0,106,0.726
2026-01-23,Centro Sur,Chico,54,8735.0,37,0.6852
2026-01-23,Centro Sur,Grande,42,11135.0,32,0.7619
2026-01-23,Centro Sur,Mediano,92,19805.0,71,0.7717
2026-01-23,El Refugio,Chico,73,12150.0,59,0.8082
2026-01-23,El Refugio,Grande,34,8805.0,21,0.6176
2026-01-23,El Refugio,Mediano,138,29610.0,105,0.7609
2026-01-23,Jurica,Chico,48,7995.0,39,0.8125
2026-01-23,Jurica,Grande,43,11345.0,32,0.7442
2026-01-23,Jurica,Mediano,113,24025.0,80,0.708
2026-01-23,Juriquilla,Chico,88,14375.0,64,0.7273
2026-01-23,Juriquilla,Grande,65,17360.0,53,0.8154
2026-01-23,Juriquilla,Mediano,170,37005.0,143,0.8412
2026-01-24,Campanario,Chico,86,13825.0,57,0.6628
2026-01-24,Campanario,Grande,61,16015.0,43,0.7049
2026-01-24,Campanario,Mediano,170,36305.0,124,0.7294
2026-01-24,Centro Sur,Chico,57,9290.0,41,0.7193
2026-01-24,Centro Sur,Grande,28,7285.0,18,0.6429
2026-01-24,Centro Sur,Mediano,74,15800.0,54,0.7297
2026-01-24,El Refugio,Chico,76,12370.0,54,0.7105
2026-01-24,El Refugio,Grande,48,12575.0,33,0.6875
2026-01-24,El Refugio,Mediano,124,26420.0,89,0.7177
2026-01-24,Jurica,Chico,57,9320.0,42,0.7368
2026-01-24,Jurica,Grande,44,11825.0,38,0.8636
2026-01-24,Jurica,Mediano,85,18015.0,59,0.6941
2026-01-24,Juriquilla,Chico,79,13080.0,62,0.7848
2026-01-24,Juriquilla,Grande,62,16480.0,49,0.7903
2026-01-24,Juriquilla,Mediano,171,36915.0,135,0.7895
2026-01-25,Campanario,Chico,96,15770.0,72,0.75
2026-01-25,Campanario,Grande,71,18655.0,51,0.7183
2026-01-25,Campanario,Mediano,166,35585.0,125,0.753
2026-01-25,Centro Sur,Chico,61,9875.0,42,0.6885
2026-01-25,Centro Sur,Grande,34,9085.0,28,0.8235
2026-01-25,Centro Sur,Mediano,106,22555.0,76,0.717
2026-01-25,El Refugio,Chico,68,10915.0,44,0.6471
2026-01-25,El Refugio,Grande,55,14720.0,46,0.8364
2026-01-25,El Refugio,Mediano,113,24295.0,88,0.7788
2026-01-25,Jurica,Chico,59,9755.0,46,0.7797
2026-01-25,Jurica,Grande,37,9770.0,28,0.7568
2026-01-25,Jurica,Mediano,98,20765.0,67,0.6837
2026-01-25,Juriquilla,Chico,92,15250.0,72,0.7826
2026-01-25,Juriquilla,Grande,71,18870.0,56,0.7887
2026-01-25,Juriquilla,Mediano,143,30755.0,109,0.7622
2026-01-26,Campanario,Chico,127,20940.0,97,0.7638
2026-01-26,Campanario,Grande,74,19535.0,55,0.7432
2026-01-26,Campanario,Mediano,173,37450.0,140,0.8092
2026-01-26,Centro Sur,Chico,65,10525.0,45,0.6923
2026-01-26,Centro Sur,Grande,33,8505.0,19,0.5758
2026-01-26,Centro Sur,Mediano,87,18675.0,67,0.7701
2026-01-26,El Refugio,Chico,103,16965.0,78,0.7573
2026-01-26,El Refugio,Grande,73,19230.0,53,0.726
2026-01-26,El Refugio,Mediano,163,35205.0,130,0.7975
2026-01-26,Jurica,Chico,82,13420.0,60,0.7317
2026-01-26,Jurica,Grande,43,11350.0,32,0.7442
2026-01-26,Jurica,Mediano,109,23380.0,83,0.7615
2026-01-26,Juriquilla,Chico,89,14630.0,67,0.7528
2026-01-26,Juriquilla,Grande,84,22365.0,67,0.7976
2026-01-26,Juriquilla,Mediano,193,41065.0,138,0.715
2026-01-27,Campanario,Chico,130,21325.0,96,0.7385
2026-01-27,Campanario,Grande,74,19455.0,53,0.7162
2026-01-27,Campanario,Mediano,185,39730.0,141,0.7622
2026-01-27,Centro Sur,Chico,74,12200.0,57,0.7703
2026-01-27,Centro Sur,Grande,50,13085.0,34,0.68
2026-01-27,Centro Sur,Mediano,113,24265.0,85,0.7522
2026-01-27,El Refugio,Chico,76,12475.0,58,0.7632
2026-01-27,El Refugio,Grande,80,21160.0,61,0.7625
2026-01-27,El Refugio,Mediano,126,26785.0,89,0.7063
2026-01-27,Jurica,Chico,61,10025.0,46,0.7541
2026-01-27,Jurica,Grande,30,7980.0,24,0.8
2026-01-27,Jurica,Mediano,109,23510.0,86,0.789
2026-01-27,Juriquilla,Chico,119,19725.0,94,0.7899
2026-01-27,Juriquilla,Grande,72,19205.0,58,0.8056
2026-01-27,Juriquilla,Mediano,172,36795.0,128,0.7442
2026-01-28,Campanario,Chico,123,20470.0,99,0.8049
2026-01-28,Campanario,Grande,71,18775.0,53,0.7465
2026-01-28,Campanario,Mediano,203,43630.0,156,0.7685
2026-01-28,Centro Sur,Chico,71,11845.0,58,0.8169
2026-01-28,Centro Sur,Grande,33,8695.0,24,0.7273
2026-01-28,Centro Sur,Mediano,87,18800.0,70,0.8046
2026-01-28,El Refugio,Chico,80,13220.0,62,0.775
2026-01-28,El Refugio,Grande,56,14720.0,40,0.7143
2026-01-28,El Refugio,Mediano,157,33660.0,119,0.758
2026-01-28,Jurica,Chico,58,9675.0,47,0.8103
2026-01-28,Jurica,Grande,45,11905.0,34,0.7556
2026-01-28,Jurica,Mediano,107,22900.0,79,0.7383
2026-01-28,Juriquilla,Chico,95,15610.0,71,0.7474
2026-01-28,Juriquilla,Grande,72,19015.0,53,0.7361
2026-01-28,Juriquilla,Mediano,190,40770.0,144,0.7579
2026-01-29,Campanario,Chico,111,18140.0,82,0.7387
2026-01-29,Campanario,Grande,80,21200.0,62,0.775
2026-01-29,Campanario,Mediano,173,36695.0,121,0.6994
2026-01-29,Centro Sur,Chico,70,11580.0,54,0.7714
2026-01-29,Centro Sur,Grande,43,11270.0,30,0.6977
2026-01-29,Centro Sur,Mediano,102,22150.0,84,0.8235
2026-01-29,El Refugio,Chico,92,15030.0,67,0.7283
2026-01-29,El Refugio,Grande,45,12085.0,39,0.8667
2026-01-29,El Refugio,Mediano,128,27420.0,96,0.75
2026-01-29,Jurica,Chico,73,12015.0,55,0.7534
2026-01-29,Jurica,Grande,41,10830.0,31,0.7561
2026-01-29,Jurica,Mediano,107,22505.0,70,0.6542
2026-01-29,Juriquilla,Chico,107,17440.0,77,0.7196
2026-01-29,Juriquilla,Grande,73,19205.0,53,0.726
2026-01-29,Juriquilla,Mediano,152,32825.0,120,0.7895
2026-01-30,Campanario,Chico,74,12220.0,57,0.7703
2026-01-30,Campanario,Grande,51,13480.0,38,0.7451
2026-01-30,Campanario,Mediano,162,34910.0,127,0.784
2026-01-30,Centro Sur,Chico,43,6935.0,29,0.6744
2026-01-30,Centro Sur,Grande,39,10220.0,27,0.6923
2026-01-30,Centro Sur,Mediano,97,20570.0,67,0.6907
2026-01-30,El Refugio,Chico,101,16630.0,77,0.7624
2026-01-30,El Refugio,Grande,49,13020.0,38,0.7755
2026-01-30,El Refugio,Mediano,125,26880.0,97,0.776
2026-01-30,Jurica,Chico,46,7330.0,29,0.6304
2026-01-30,Jurica,Grande,33,8850.0,28,0.8485
2026-01-30,Jurica,Mediano,91,19300.0,64,0.7033
2026-01-30,Juriquilla,Chico,104,17180.0,80,0.7692
2026-01-30,Juriquilla,Grande,47,12540.0,38,0.8085
2026-01-30,Juriquilla,Mediano,147,31395.0,109,0.7415
2026-01-31,Campanario,Chico,83,13495.0,58,0.6988
2026-01-31,Campanario,Grande,70,18205.0,45,0.6429
2026-01-31,Campanario,Mediano,151,32225.0,110,0.7285
2026-01-31,Centro Sur,Chico,64,10485.0,47,0.7344
2026-01-31,Centro Sur,Grande,44,11625.0,33,0.75
2026-01-31,Centro Sur,Mediano,99,21340.0,78,0.7879
2026-01-31,El Refugio,Chico,77,12615.0,57,0.7403
2026-01-31,El Refugio,Grande,51,13475.0,38,0.7451
2026-01-31,El Refugio,Mediano,120,25810.0,92,0.7667
2026-01-31,Jurica,Chico,46,7495.0,33,0.7174
2026-01-31,Jurica,Grande,37,9910.0,31,0.8378
2026-01-31,Jurica,Mediano,94,20280.0,74,0.7872
2026-01-31,Juriquilla,Chico,128,21020.0,95,0.7422
2026-01-31,Juriquilla,Grande,63,16650.0,47,0.746
2026-01-31,Juriquilla,Mediano,159,34205.0,123,0.7736
2026-02-01,Campanario,Chico,94,15220.0,65,0.6915
2026-02-01,Campanario,Grande,58,15240.0,41,0.7069
2026-02-01,Campanario,Mediano,165,35265.0,121,0.7333
2026-02-01,Centro Sur,Chico,56,9210.0,43,0.7679
2026-02-01,Centro Sur,Grande,46,12180.0,35,0.7609
2026-02-01,Centro Sur,Mediano,99,20820.0,65,0.6566
2026-02-01,El Refugio,Chico,81,13130.0,57,0.7037
2026-02-01,El Refugio,Grande,48,12720.0,37,0.7708
2026-02-01,El Refugio,Mediano,143,30565.0,106,0.7413
2026-02-01,Jurica,Chico,59,9440.0,38,0.6441
2026-02-01,Jurica,Grande,25,6460.0,15,0.6
2026-02-01,Jurica,Mediano,100,21600.0,80,0.8
2026-02-01,Juriquilla,Chico,92,15235.0,72,0.7826
2026-02-01,Juriquilla,Grande,61,16210.0,48,0.7869
2026-02-01,Juriquilla,Mediano,139,29985.0,110,0.7914
2026-02-02,Campanario,Chico,107,17715.0,84,0.785
2026-02-02,Campanario,Grande,78,20560.0,57,0.7308
2026-02-02,Campanario,Mediano,182,39170.0,141,0.7747
2026-02-02,Centro Sur,Chico,81,13255.0,60,0.7407
2026-02-02,Centro Sur,Grande,48,12805.0,39,0.8125
2026-02-02,Centro Sur,Mediano,106,22810.0,82,0.7736
2026-02-02,El Refugio,Chico,82,13350.0,58,0.7073
2026-02-02,El Refugio,Grande,41,10840.0,31,0.7561
2026-02-02,El Refugio,Mediano,133,28605.0,103,0.7744
2026-02-02,Jurica,Chico,67,11165.0,54,0.806
2026-02-02,Jurica,Grande,44,11545.0,31,0.7045
2026-02-02,Jurica,Mediano,97,21010.0,79,0.8144
2026-02-02,Juriquilla,Chico,114,18800.0,88,0.7719
2026-02-02,Juriquilla,Grande,93,24480.0,68,0.7312
2026-02-02,Juriquilla,Mediano,194,41235.0,137,0.7062
2026-02-03,Campanario,Chico,118,19280.0,85,0.7203
2026-02-03,Campanario,Grande,69,18255.0,52,0.7536
2026-02-03,Campanario,Mediano,190,40955.0,150,0.7895
2026-02-03,Centro Sur,Chico,63,10315.0,47,0.746
2026-02-03,Centro Sur,Grande,44,11680.0,34,0.7727
2026-02-03,Centro Sur,Mediano,109,23420.0,83,0.7615
2026-02-03,El Refugio,Chico,82,13435.0,61,0.7439
2026-02-03,El Refugio,Grande,74,19625.0,57,0.7703
2026-02-03,El Refugio,Mediano,135,29040.0,105,0.7778
2026-02-03,Jurica,Chico,65,10615.0,47,0.7231
2026-02-03,Jurica,Grande,51,13630.0,42,0.8235
2026-02-03,Jurica,Mediano,103,21995.0,75,0.7282
2026-02-03,Juriquilla,Chico,103,16825.0,75,0.7282
2026-02-03,Juriquilla,Grande,49,12990.0,38,0.7755
2026-02-03,Juriquilla,Mediano,197,42360.0,151,0.7665
2026-02-04,Campanario,Chico,109,17780.0,79,0.7248
2026-02-04,Campanario,Grande,75,19755.0,55,0.7333
2026-02-04,Campanario,Mediano,187,40305.0,147,0.7861
2026-02-04,Centro Sur,Chico,58,9740.0,49,0.8448
2026-02-04,Centro Sur,Grande,45,11815.0,32,0.7111
2026-02-04,Centro Sur,Mediano,111,23805.0,84,0.7568
2026-02-04,El Refugio,Chico,87,14170.0,62,0.7126
2026-02-04,El Refugio,Grande,79,20820.0,58,0.7342
2026-02-04,El Refugio,Mediano,156,33670.0,123,0.7885
2026-02-04,Jurica,Chico,68,11080.0,49,0.7206
2026-02-04,Jurica,Grande,40,10395.0,26,0.65
2026-02-04,Jurica,Mediano,100,21310.0,72,0.72
2026-02-04,Juriquilla,Chico,97,16015.0,75,0.7732
2026-02-04,Juriquilla,Grande,84,22325.0,66,0.7857
2026-02-04,Juriquilla,Mediano,166,35395.0,120,0.7229
2026-02-05,Campanario,Chico,90,15075.0,75,0.8333
2026-02-05,Campanario,Grande,72,19155.0,58,0.8056
2026-02-05,Campanario,Mediano,170,36145.0,120,0.7059
2026-02-05,Centro Sur,Chico,64,10510.0,48,0.75
2026-02-05,Centro Sur,Grande,57,15130.0,44,0.7719
2026-02-05,Centro Sur,Mediano,109,23580.0,87,0.7982
2026-02-05,El Refugio,Chico,85,14085.0,67,0.7882
2026-02-05,El Refugio,Grande,51,13635.0,42,0.8235
2026-02-05,El Refugio,Mediano,133,28775.0,108,0.812
2026-02-05,Jurica,Chico,54,8840.0,40,0.7407
2026-02-05,Jurica,Grande,52,13770.0,40,0.7692
2026-02-05,Jurica,Mediano,125,26635.0,89,0.712
2026-02-05,Juriquilla,Chico,105,17190.0,77,0.7333
2026-02-05,Juriquilla,Grande,74,19615.0,57,0.7703
2026-02-05,Juriquilla,Mediano,191,40870.0,142,0.7435
2026-02-06,Campanario,Chico,99,16200.0,73,0.7374
2026-02-06,Campanario,Grande,70,18395.0,50,0.7143
2026-02-06,Campanario,Mediano,161,34740.0,127,0.7888
2026-02-06,Centro Sur,Chico,50,8240.0,38,0.76
2026-02-06,Centro Sur,Grande,33,8770.0,26,0.7879
2026-02-06,Centro Sur,Mediano,109,23175.0,77,0.7064
2026-02-06,El Refugio,Chico,79,13240.0,66,0.8354
2026-02-06,El Refugio,Grande,48,12695.0,36,0.75
2026-02-06,El Refugio,Mediano,105,22270.0,73,0.6952
2026-02-06,Jurica,Chico,61,9920.0,43,0.7049
2026-02-06,Jurica,Grande,51,13410.0,36,0.7059
2026-02-06,Jurica,Mediano,84,17915.0,61,0.7262
2026-02-06,Juriquilla,Chico,94,15645.0,75,0.7979
2026-02-06,Juriquilla,Grande,64,16780.0,45,0.7031
2026-02-06,Juriquilla,Mediano,148,31200.0,99,0.6689
2026-02-07,Campanario,Chico,91,15145.0,74,0.8132
2026-02-07,Campanario,Grande,61,15835.0,39,0.6393
2026-02-07,Campanario,Mediano,181,38620.0,132,0.7293
2026-02-07,Centro Sur,Chico,45,7295.0,31,0.6889
2026-02-07,Centro Sur,Grande,51,13320.0,34,0.6667
2026-02-07,Centro Sur,Mediano,102,21770.0,74,0.7255
2026-02-07,El Refugio,Chico,78,12665.0,55,0.7051
2026-02-07,El Refugio,Grande,43,11435.0,34,0.7907
2026-02-07,El Refugio,Mediano,134,28910.0,106,0.791
2026-02-07,Jurica,Chico,67,10840.0,46,0.6866
2026-02-07,Jurica,Grande,32,8555.0,27,0.8438
2026-02-07,Jurica,Mediano,98,20625.0,64,0.6531
2026-02-07,Juriquilla,Chico,96,15875.0,75,0.7812
2026-02-07,Juriquilla,Grande,46,11890.0,28,0.6087
2026-02-07,Juriquilla,Mediano,151,31980.0,103,0.6821
2026-02-08,Campanario,Chico,100,16640.0,80,0.8
2026-02-08,Campanario,Grande,73,19290.0,55,0.7534
2026-02-08,Campanario,Mediano,135,28955.0,102,0.7556
2026-02-08,Centro Sur,Chico,48,7855.0,35,0.7292
2026-02-08,Centro Sur,Grande,39,10470.0,33,0.8462
2026-02-08,Centro Sur,Mediano,97,20875.0,75,0.7732
2026-02-08,El Refugio,Chico,74,12225.0,57,0.7703
2026-02-08,El Refugio,Grande,46,11870.0,27,0.587
2026-02-08,El Refugio,Mediano,129,27515.0,95,0.7364
2026-02-08,Jurica,Chico,62,10350.0,51,0.8226
2026-02-08,Jurica,Grande,45,11870.0,33,0.7333
2026-02-08,Jurica,Mediano,101,21655.0,77,0.7624
2026-02-08,Juriquilla,Chico,90,14545.0,62,0.6889
2026-02-08,Juriquilla,Grande,53,13875.0,37,0.6981
2026-02-08,Juriquilla,Mediano,161,34680.0,126,0.7826
2026-02-09,Campanario,Chico,117,18995.0,82,0.7009
2026-02-09,Campanario,Grande,71,18725.0,52,0.7324
2026-02-09,Campanario,Mediano,212,45445.0,160,0.7547
2026-02-09,Centro Sur,Chico,71,11885.0,59,0.831
2026-02-09,Centro Sur,Grande,51,13440.0,38,0.7451
2026-02-09,Centro Sur,Mediano,101,21525.0,74,0.7327
2026-02-09,El Refugio,Chico,64,10675.0,52,0.8125
2026-02-09,El Refugio,Grande,73,19290.0,55,0.7534
2026-02-09,El Refugio,Mediano,155,33620.0,126,0.8129
2026-02-09,Jurica,Chico,62,10100.0,44,0.7097
2026-02-09,Jurica,Grande,37,9945.0,32,0.8649
2026-02-09,Jurica,Mediano,126,27180.0,99,0.7857
2026-02-09,Juriquilla,Chico,105,17530.0,86,0.819
2026-02-09,Juriquilla,Grande,65,17135.0,48,0.7385
2026-02-09,Juriquilla,Mediano,178,38205.0,136,0.764
2026-02-10,Campanario,Chico,100,16570.0,79,0.79
2026-02-10,Campanario,Grande,64,16655.0,42,0.6562
2026-02-10,Campanario,Mediano,190,40190.0,130,0.6842
2026-02-10,Centro Sur,Chico,69,10915.0,41,0.5942
2026-02-10,Centro Sur,Grande,50,13420.0,43,0.86
2026-02-10,Centro Sur,Mediano,106,22450.0,72,0.6792
2026-02-10,El Refugio,Chico,110,17815.0,76,0.6909
2026-02-10,El Refugio,Grande,58,15345.0,44,0.7586
2026-02-10,El Refugio,Mediano,134,28810.0,103,0.7687
2026-02-10,Jurica,Chico,73,12060.0,57,0.7808
2026-02-10,Jurica,Grande,33,8850.0,28,0.8485
2026-02-10,Jurica,Mediano,92,19750.0,70,0.7609
2026-02-10,Juriquilla,Chico,110,18125.0,84,0.7636
2026-02-10,Juriquilla,Grande,88,23350.0,68,0.7727
2026-02-10,Juriquilla,Mediano,173,37145.0,131,0.7572
2026-02-11,Campanario,Chico,108,17710.0,80,0.7407
2026-02-11,Campanario,Grande,82,21645.0,61,0.7439
2026-02-11,Campanario,Mediano,180,38840.0,142,0.7889
2026-02-11,Centro Sur,Chico,65,10560.0,46,0.7077
2026-02-11,Centro Sur,Grande,44,11680.0,35,0.7955
2026-02-11,Centro Sur,Mediano,98,21055.0,75,0.7653
2026-02-11,El Refugio,Chico,78,12675.0,55,0.7051
2026-02-11,El Refugio,Grande,61,16155.0,47,0.7705
2026-02-11,El Refugio,Mediano,141,30435.0,111,0.7872
2026-02-11,Jurica,Chico,65,10430.0,42,0.6462
2026-02-11,Jurica,Grande,36,9535.0,28,0.7778
2026-02-11,Jurica,Mediano,100,21425.0,75,0.75
2026-02-11,Juriquilla,Chico,103,16740.0,73,0.7087
2026-02-11,Juriquilla,Grande,81,21415.0,61,0.7531
2026-02-11,Juriquilla,Mediano,162,34620.0,118,0.7284
2026-02-12,Campanario,Chico,129,21440.0,103,0.7984
2026-02-12,Campanario,Grande,66,17620.0,54,0.8182
2026-02-12,Campanario,Mediano,152,32665.0,117,0.7697
2026-02-12,Centro Sur,Chico,61,10125.0,48,0.7869
2026-02-12,Centro Sur,Grande,52,13685.0,38,0.7308
2026-02-12,Centro Sur,Mediano,94,19920.0,65,0.6915
2026-02-12,El Refugio,Chico,100,16245.0,70,0.7
2026-02-12,El Refugio,Grande,58,15155.0,39,0.6724
2026-02-12,El Refugio,Mediano,150,32060.0,110,0.7333
2026-02-12,Jurica,Chico,59,9690.0,44,0.7458
2026-02-12,Jurica,Grande,52,13675.0,37,0.7115
2026-02-12,Jurica,Mediano,126,26805.0,90,0.7143
2026-02-12,Juriquilla,Chico,133,21820.0,100,0.7519
2026-02-12,Juriquilla,Grande,88,23045.0,61,0.6932
2026-02-12,Juriquilla,Mediano,171,36575.0,127,0.7427
2026-02-13,Campanario,Chico,94,15075.0,61,0.6489
2026-02-13,Campanario,Grande,62,16385.0,47,0.7581
2026-02-13,Campanario,Mediano,131,27875.0,93,0.7099
2026-02-13,Centro Sur,Chico,46,7330.0,29,0.6304
2026-02-13,Centro Sur,Grande,31,8200.0,23,0.7419
2026-02-13,Centro Sur,Mediano,101,21930.0,83,0.8218
2026-02-13,El Refugio,Chico,85,13980.0,64,0.7529
2026-02-13,El Refugio,Grande,54,14370.0,43,0.7963
2026-02-13,El Refugio,Mediano,110,23570.0,83,0.7545
2026-02-13,Jurica,Chico,58,9340.0,39,0.6724
2026-02-13,Jurica,Grande,33,8590.0,21,0.6364
2026-02-13,Jurica,Mediano,92,19795.0,71,0.7717
2026-02-13,Juriquilla,Chico,97,15810.0,69,0.7113
2026-02-13,Juriquilla,Grande,76,19870.0,52,0.6842
2026-02-13,Juriquilla,Mediano,151,32180.0,109,0.7219
2026-02-14,Campanario,Chico,110,18250.0,87,0.7909
2026-02-14,Campanario,Grande,55,14485.0,41,0.7455
2026-02-14,Campanario,Mediano,145,30935.0,105,0.7241
2026-02-14,Centro Sur,Chico,58,9575.0,45,0.7759
2026-02-14,Centro Sur,Grande,37,9835.0,29,0.7838
2026-02-14,Centro Sur,Mediano,91,19390.0,65,0.7143
2026-02-14,El Refugio,Chico,62,9930.0,40,0.6452
2026-02-14,El Refugio,Grande,65,17005.0,44,0.6769
2026-02-14,El Refugio,Mediano,118,25225.0,87,0.7373
2026-02-14,Jurica,Chico,61,10285.0,52,0.8525
2026-02-14,Jurica,Grande,49,12885.0,35,0.7143
2026-02-14,Jurica,Mediano,99,21595.0,84,0.8485
2026-02-14,Juriquilla,Chico,87,14430.0,69,0.7931
2026-02-14,Juriquilla,Grande,61,15920.0,41,0.6721
2026-02-14,Juriquilla,Mediano,132,28480.0,104,0.7879
2026-02-15,Campanario,Chico,102,16590.0,72,0.7059
2026-02-15,Campanario,Grande,53,13860.0,36,0.6792
2026-02-15,Campanario,Mediano,164,34990.0,119,0.7256
2026-02-15,Centro Sur,Chico,59,9995.0,52,0.8814
2026-02-15,Centro Sur,Grande,33,8575.0,21,0.6364
2026-02-15,Centro Sur,Mediano,101,21740.0,78,0.7723
2026-02-15,El Refugio,Chico,76,12520.0,58,0.7632
2026-02-15,El Refugio,Grande,44,11555.0,31,0.7045
2026-02-15,El Refugio,Mediano,120,25570.0,87,0.725
2026-02-15,Jurica,Chico,56,9415.0,47,0.8393
2026-02-15,Jurica,Grande,32,8490.0,25,0.7812
2026-02-15,Jurica,Mediano,105,22605.0,81,0.7714
2026-02-15,Juriquilla,Chico,105,17350.0,81,0.7714
2026-02-15,Juriquilla,Grande,48,12615.0,34,0.7083
2026-02-15,Juriquilla,Mediano,154,33230.0,121,0.7857
2026-02-16,Campanario,Chico,124,20295.0,90,0.7258
2026-02-16,Campanario,Grande,66,17295.0,46,0.697
2026-02-16,Campanario,Mediano,178,38295.0,137,0.7697
2026-02-16,Centro Sur,Chico,56,9060.0,39,0.6964
2026-02-16,Centro Sur,Grande,56,14685.0,39,0.6964
2026-02-16,Centro Sur,Mediano,118,25220.0,87,0.7373
2026-02-16,El Refugio,Chico,86,13945.0,60,0.6977
2026-02-16,El Refugio,Grande,54,14200.0,39,0.7222
2026-02-16,El Refugio,Mediano,144,30840.0,107,0.7431
2026-02-16,Jurica,Chico,63,10270.0,45,0.7143
2026-02-16,Jurica,Grande,47,12425.0,35,0.7447
2026-02-16,Jurica,Mediano,100,21550.0,77,0.77
2026-02-16,Juriquilla,Chico,103,16930.0,77,0.7476
2026-02-16,Juriquilla,Grande,79,20770.0,57,0.7215
2026-02-16,Juriquilla,Mediano,201,43065.0,151,0.7512
2026-02-17,Campanario,Chico,122,20050.0,92,0.7541
2026-02-17,Campanario,Grande,62,16440.0,48,0.7742
2026-02-17,Campanario,Mediano,192,40745.0,133,0.6927
2026-02-17,Centro Sur,Chico,71,11675.0,54,0.7606
2026-02-17,Centro Sur,Grande,50,13240.0,38,0.76
2026-02-17,Centro Sur,Mediano,130,27880.0,98,0.7538
2026-02-17,El Refugio,Chico,72,11925.0,56,0.7778
2026-02-17,El Refugio,Grande,43,11400.0,33,0.7674
2026-02-17,El Refugio,Mediano,134,28935.0,107,0.7985
2026-02-17,Jurica,Chico,64,10555.0,49,0.7656
2026-02-17,Jurica,Grande,44,11380.0,27,0.6136
2026-02-17,Jurica,Mediano,93,20060.0,73,0.7849
2026-02-17,Juriquilla,Chico,98,16195.0,76,0.7755
2026-02-17,Juriquilla,Grande,73,19155.0,51,0.6986
2026-02-17,Juriquilla,Mediano,161,34810.0,128,0.795
2026-02-18,Campanario,Chico,115,18930.0,87,0.7565
2026-02-18,Campanario,Grande,56,14725.0,40,0.7143
2026-02-18,Campanario,Mediano,171,36375.0,121,0.7076
2026-02-18,Centro Sur,Chico,67,11145.0,54,0.806
2026-02-18,Centro Sur,Grande,43,11415.0,34,0.7907
2026-02-18,Centro Sur,Mediano,120,25815.0,92,0.7667
2026-02-18,El Refugio,Chico,90,14765.0,67,0.7444
2026-02-18,El Refugio,Grande,65,16995.0,44,0.6769
2026-02-18,El Refugio,Mediano,162,34890.0,126,0.7778
2026-02-18,Jurica,Chico,75,12150.0,52,0.6933
2026-02-18,Jurica,Grande,38,10055.0,29,0.7632
2026-02-18,Jurica,Mediano,116,25055.0,92,0.7931
2026-02-18,Juriquilla,Chico,127,21120.0,102,0.8031
2026-02-18,Juriquilla,Grande,63,16570.0,46,0.7302
2026-02-18,Juriquilla,Mediano,161,34570.0,123,0.764
2026-02-19,Campanario,Chico,123,20445.0,98,0.7967
2026-02-19,Campanario,Grande,81,21335.0,59,0.7284
2026-02-19,Campanario,Mediano,175,37275.0,126,0.72
2026-02-19,Centro Sur,Chico,77,12705.0,60,0.7792
2026-02-19,Centro Sur,Grande,59,15525.0,42,0.7119
2026-02-19,Centro Sur,Mediano,110,23730.0,86,0.7818
2026-02-19,El Refugio,Chico,80,12985.0,56,0.7
2026-02-19,El Refugio,Grande,61,16150.0,47,0.7705
2026-02-19,El Refugio,Mediano,129,27720.0,99,0.7674
2026-02-19,Jurica,Chico,76,12610.0,60,0.7895
2026-02-19,Jurica,Grande,41,10830.0,31,0.7561
2026-02-19,Jurica,Mediano,112,24010.0,84,0.75
2026-02-19,Juriquilla,Chico,124,20280.0,91,0.7339
2026-02-19,Juriquilla,Grande,77,20210.0,55,0.7143
2026-02-19,Juriquilla,Mediano,202,42955.0,144,0.7129
2026-02-20,Campanario,Chico,120,19745.0,91,0.7583
2026-02-20,Campanario,Grande,78,20540.0,56,0.7179
2026-02-20,Campanario,Mediano,168,35700.0,118,0.7024
2026-02-20,Centro Sur,Chico,62,10120.0,45,0.7258
2026-02-20,Centro Sur,Grande,38,10070.0,29,0.7632
2026-02-20,Centro Sur,Mediano,92,19665.0,68,0.7391
2026-02-20,El Refugio,Chico,93,15310.0,71,0.7634
2026-02-20,El Refugio,Grande,44,11715.0,35,0.7955
2026-02-20,El Refugio,Mediano,104,22095.0,73,0.7019
2026-02-20,Jurica,Chico,44,7295.0,35,0.7955
2026-02-20,Jurica,Grande,47,12285.0,32,0.6809
2026-02-20,Jurica,Mediano,108,23165.0,81,0.75
2026-02-20,Juriquilla,Chico,98,16065.0,73,0.7449
2026-02-20,Juriquilla,Grande,59,15700.0,47,0.7966
2026-02-20,Juriquilla,Mediano,170,36305.0,124,0.7294
2026-02-21,Campanario,Chico,95,15875.0,78,0.8211
2026-02-21,Campanario,Grande,63,16585.0,46,0.7302
2026-02-21,Campanario,Mediano,139,29430.0,96,0.6906
2026-02-21,Centro Sur,Chico,59,9780.0,47,0.7966
2026-02-21,Centro Sur,Grande,48,12580.0,33,0.6875
2026-02-21,Centro Sur,Mediano,94,19840.0,63,0.6702
2026-02-21,El Refugio,Chico,84,13610.0,58,0.6905
2026-02-21,El Refugio,Grande,46,12105.0,34,0.7391
2026-02-21,El Refugio,Mediano,115,24630.0,86,0.7478
2026-02-21,Jurica,Chico,70,11355.0,49,0.7
2026-02-21,Jurica,Grande,38,9945.0,26,0.6842
2026-02-21,Jurica,Mediano,92,19615.0,67,0.7283
2026-02-21,Juriquilla,Chico,84,13785.0,62,0.7381
2026-02-21,Juriquilla,Grande,51,13260.0,33,0.6471
2026-02-21,Juriquilla,Mediano,146,31490.0,114,0.7808
2026-02-22,Campanario,Chico,112,18500.0,87,0.7768
2026-02-22,Campanario,Grande,67,17650.0,49,0.7313
2026-02-22,Campanario,Mediano,161,34285.0,116,0.7205
2026-02-22,Centro Sur,Chico,70,11615.0,56,0.8
2026-02-22,Centro Sur,Grande,43,11405.0,33,0.7674
2026-02-22,Centro Sur,Mediano,109,23270.0,79,0.7248
2026-02-22,El Refugio,Chico,84,14090.0,71,0.8452
2026-02-22,El Refugio,Grande,54,14165.0,38,0.7037
2026-02-22,El Refugio,Mediano,124,26520.0,92,0.7419
2026-02-22,Jurica,Chico,56,9280.0,44,0.7857
2026-02-22,Jurica,Grande,38,10060.0,29,0.7632
2026-02-22,Jurica,Mediano,99,21455.0,81,0.8182
2026-02-22,Juriquilla,Chico,87,14370.0,68,0.7816
2026-02-22,Juriquilla,Grande,63,16580.0,46,0.7302
2026-02-22,Juriquilla,Mediano,158,33780.0,117,0.7405
2026-02-23,Campanario,Chico,118,19450.0,90,0.7627
2026-02-23,Campanario,Grande,86,22700.0,64,0.7442
2026-02-23,Campanario,Mediano,166,35275.0,117,0.7048
2026-02-23,Centro Sur,Chico,79,12885.0,57,0.7215
2026-02-23,Centro Sur,Grande,61,16265.0,50,0.8197
2026-02-23,Centro Sur,Mediano,98,20945.0,73,0.7449
2026-02-23,El Refugio,Chico,89,14240.0,57,0.6404
2026-02-23,El Refugio,Grande,57,14965.0,40,0.7018
2026-02-23,El Refugio,Mediano,161,34790.0,129,0.8012
2026-02-23,Jurica,Chico,66,11040.0,55,0.8333
2026-02-23,Jurica,Grande,47,12370.0,34,0.7234
2026-02-23,Jurica,Mediano,107,22770.0,76,0.7103
2026-02-23,Juriquilla,Chico,109,17985.0,84,0.7706
2026-02-23,Juriquilla,Grande,78,20920.0,67,0.859
2026-02-23,Juriquilla,Mediano,163,35040.0,125,0.7669
2026-02-24,Campanario,Chico,115,18925.0,87,0.7565
2026-02-24,Campanario,Grande,74,19480.0,54,0.7297
2026-02-24,Campanario,Mediano,200,42655.0,145,0.725
2026-02-24,Centro Sur,Chico,70,11560.0,54,0.7714
2026-02-24,Centro Sur,Grande,36,9660.0,31,0.8611
2026-02-24,Centro Sur,Mediano,102,22105.0,83,0.8137
2026-02-24,El Refugio,Chico,84,13800.0,63,0.75
2026-02-24,El Refugio,Grande,73,19220.0,53,0.726
2026-02-24,El Refugio,Mediano,150,32120.0,112,0.7467
2026-02-24,Jurica,Chico,67,11145.0,54,0.806
2026-02-24,Jurica,Grande,37,9710.0,26,0.7027
2026-02-24,Jurica,Mediano,105,22350.0,75,0.7143
2026-02-24,Juriquilla,Chico,110,18215.0,86,0.7818
2026-02-24,Juriquilla,Grande,98,25835.0,72,0.7347
2026-02-24,Juriquilla,Mediano,179,38435.0,135,0.7542
2026-02-25,Campanario,Chico,123,20470.0,100,0.813
2026-02-25,Campanario,Grande,68,17885.0,49,0.7206
2026-02-25,Campanario,Mediano,201,43230.0,155,0.7711
2026-02-25,Centro Sur,Chico,64,10490.0,47,0.7344
2026-02-25,Centro Sur,Grande,43,11435.0,34,0.7907
2026-02-25,Centro Sur,Mediano,113,24075.0,81,0.7168
2026-02-25,El Refugio,Chico,90,14645.0,64,0.7111
2026-02-25,El Refugio,Grande,63,16795.0,51,0.8095
2026-02-25,El Refugio,Mediano,145,31280.0,114,0.7862
2026-02-25,Jurica,Chico,71,11375.0,46,0.6479
2026-02-25,Jurica,Grande,45,12055.0,38,0.8444
2026-02-25,Jurica,Mediano,92,19835.0,72,0.7826
2026-02-25,Juriquilla,Chico,126,20785.0,97,0.7698
2026-02-25,Juriquilla,Grande,67,17655.0,49,0.7313
2026-02-25,Juriquilla,Mediano,178,37820.0,125,0.7022
2026-02-26,Campanario,Chico,89,14510.0,64,0.7191
2026-02-26,Campanario,Grande,79,20825.0,58,0.7342
2026-02-26,Campanario,Mediano,178,38160.0,134,0.7528
2026-02-26,Centro Sur,Chico,60,9955.0,48,0.8
2026-02-26,Centro Sur,Grande,54,14235.0,39,0.7222
2026-02-26,Centro Sur,Mediano,114,24200.0,80,0.7018
2026-02-26,El Refugio,Chico,91,15070.0,72,0.7912
2026-02-26,El Refugio,Grande,68,17990.0,52,0.7647
2026-02-26,El Refugio,Mediano,146,31370.0,112,0.7671
2026-02-26,Jurica,Chico,75,12365.0,58,0.7733
2026-02-26,Jurica,Grande,40,10670.0,32,0.8
2026-02-26,Jurica,Mediano,90,19225.0,66,0.7333
2026-02-26,Juriquilla,Chico,100,16405.0,74,0.74
2026-02-26,Juriquilla,Grande,79,20695.0,55,0.6962
2026-02-26,Juriquilla,Mediano,176,38155.0,144,0.8182
2026-02-27,Campanario,Chico,84,13855.0,64,0.7619
2026-02-27,Campanario,Grande,67,17740.0,51,0.7612
2026-02-27,Campanario,Mediano,135,28860.0,99,0.7333
2026-02-27,Centro Sur,Chico,49,8175.0,40,0.8163
2026-02-27,Centro Sur,Grande,39,10420.0,32,0.8205
2026-02-27,Centro Sur,Mediano,95,20285.0,70,0.7368
2026-02-27,El Refugio,Chico,76,12440.0,56,0.7368
2026-02-27,El Refugio,Grande,53,13950.0,38,0.717
2026-02-27,El Refugio,Mediano,121,26310.0,100,0.8264
2026-02-27,Jurica,Chico,57,9285.0,41,0.7193
2026-02-27,Jurica,Grande,27,7080.0,19,0.7037
2026-02-27,Jurica,Mediano,112,23955.0,84,0.75
2026-02-27,Juriquilla,Chico,85,13780.0,59,0.6941
2026-02-27,Juriquilla,Grande,50,13285.0,39,0.78
2026-02-27,Juriquilla,Mediano,175,37655.0,136,0.7771
2026-02-28,Campanario,Chico,81,13485.0,66,0.8148
2026-02-28,Campanario,Grande,59,15540.0,43,0.7288
2026-02-28,Campanario,Mediano,139,29675.0,101,0.7266
2026-02-28,Centro Sur,Chico,48,7960.0,38,0.7917
2026-02-28,Centro Sur,Grande,31,8125.0,22,0.7097
2026-02-28,Centro Sur,Mediano,86,18275.0,61,0.7093
2026-02-28,El Refugio,Chico,71,11600.0,52,0.7324
2026-02-28,El Refugio,Grande,50,13245.0,38,0.76
2026-02-28,El Refugio,Mediano,115,24665.0,86,0.7478
2026-02-28,Jurica,Chico,55,9030.0,41,0.7455
2026-02-28,Jurica,Grande,38,10010.0,28,0.7368
2026-02-28,Jurica,Mediano,96,20390.0,67,0.6979
2026-02-28,Juriquilla,Chico,93,15305.0,69,0.7419
2026-02-28,Juriquilla,Grande,62,16285.0,44,0.7097
2026-02-28,Juriquilla,Mediano,155,33000.0,111,0.7161
2026-03-01,Campanario,Chico,105,17525.0,86,0.819
2026-03-01,Campanario,Grande,56,14790.0,42,0.75
2026-03-01,Campanario,Mediano,143,30875.0,113,0.7902
2026-03-01,Centro Sur,Chico,63,10315.0,46,0.7302
2026-03-01,Centro Sur,Grande,42,10995.0,29,0.6905
2026-03-01,Centro Sur,Mediano,108,23015.0,78,0.7222
2026-03-01,El Refugio,Chico,74,11970.0,51,0.6892
2026-03-01,El Refugio,Grande,46,12150.0,34,0.7391
2026-03-01,El Refugio,Mediano,118,25460.0,94,0.7966
2026-03-01,Jurica,Chico,51,8410.0,39,0.7647
2026-03-01,Jurica,Grande,36,9470.0,26,0.7222
2026-03-01,Jurica,Mediano,104,21945.0,69,0.6635
2026-03-01,Juriquilla,Chico,74,12140.0,55,0.7432
2026-03-01,Juriquilla,Grande,75,19925.0,59,0.7867
2026-03-01,Juriquilla,Mediano,150,32250.0,115,0.7667
2026-03-02,Campanario,Chico,110,17860.0,77,0.7
2026-03-02,Campanario,Grande,73,19490.0,60,0.8219
2026-03-02,Campanario,Mediano,177,37925.0,133,0.7514
2026-03-02,Centro Sur,Chico,69,11445.0,55,0.7971
2026-03-02,Centro Sur,Grande,50,13225.0,38,0.76
2026-03-02,Centro Sur,Mediano,120,25745.0,90,0.75
2026-03-02,El Refugio,Chico,87,14320.0,66,0.7586
2026-03-02,El Refugio,Grande,50,13365.0,41,0.82
2026-03-02,El Refugio,Mediano,149,31820.0,109,0.7315
2026-03-02,Jurica,Chico,68,11070.0,48,0.7059
2026-03-02,Jurica,Grande,44,11570.0,31,0.7045
2026-03-02,Jurica,Mediano,107,23035.0,83,0.7757
2026-03-02,Juriquilla,Chico,116,19120.0,90,0.7759
2026-03-02,Juriquilla,Grande,80,21235.0,63,0.7875
2026-03-02,Juriquilla,Mediano,166,35855.0,132,0.7952
2026-03-03,Campanario,Chico,111,18260.0,84,0.7568
2026-03-03,Campanario,Grande,74,19540.0,55,0.7432
2026-03-03,Campanario,Mediano,172,36760.0,126,0.7326
2026-03-03,Centro Sur,Chico,56,8890.0,34,0.6071
2026-03-03,Centro Sur,Grande,45,11900.0,34,0.7556
2026-03-03,Centro Sur,Mediano,102,21800.0,75,0.7353
2026-03-03,El Refugio,Chico,90,14835.0,68,0.7556
2026-03-03,El Refugio,Grande,58,15115.0,38,0.6552
2026-03-03,El Refugio,Mediano,139,29695.0,102,0.7338
2026-03-03,Jurica,Chico,71,11800.0,57,0.8028
2026-03-03,Jurica,Grande,51,13590.0,41,0.8039
2026-03-03,Jurica,Mediano,115,24545.0,84,0.7304
2026-03-03,Juriquilla,Chico,99,16170.0,72,0.7273
2026-03-03,Juriquilla,Grande,69,18205.0,51,0.7391
2026-03-03,Juriquilla,Mediano,189,40470.0,141,0.746
2026-03-04,Campanario,Chico,127,20740.0,92,0.7244
2026-03-04,Campanario,Grande,64,16905.0,48,0.75
2026-03-04,Campanario,Mediano,193,41225.0,142,0.7358
2026-03-04,Centro Sur,Chico,67,10970.0,49,0.7313
2026-03-04,Centro Sur,Grande,48,12750.0,38,0.7917
2026-03-04,Centro Sur,Mediano,103,22280.0,83,0.8058
2026-03-04,El Refugio,Chico,91,14805.0,65,0.7143
2026-03-04,El Refugio,Grande,61,16030.0,43,0.7049
2026-03-04,El Refugio,Mediano,123,26270.0,90,0.7317
2026-03-04,Jurica,Chico,63,10270.0,45,0.7143
2026-03-04,Jurica,Grande,48,12640.0,35,0.7292
2026-03-04,Jurica,Mediano,104,22290.0,78,0.75
2026-03-04,Juriquilla,Chico,120,19555.0,86,0.7167
2026-03-04,Juriquilla,Grande,87,22885.0,62,0.7126
2026-03-04,Juriquilla,Mediano,200,42840.0,149,0.745
2026-03-05,Campanario,Chico,100,16375.0,74,0.74
2026-03-05,Campanario,Grande,69,18285.0,53,0.7681
2026-03-05,Campanario,Mediano,169,36065.0,123,0.7278
2026-03-05,Centro Sur,Chico,78,12940.0,62,0.7949
2026-03-05,Centro Sur,Grande,50,13070.0,34,0.68
2026-03-05,Centro Sur,Mediano,117,25200.0,91,0.7778
2026-03-05,El Refugio,Chico,92,15255.0,73,0.7935
2026-03-05,El Refugio,Grande,62,16345.0,46,0.7419
2026-03-05,El Refugio,Mediano,148,31880.0,115,0.777
2026-03-05,Jurica,Chico,69,11470.0,55,0.7971
2026-03-05,Jurica,Grande,38,10110.0,30,0.7895
2026-03-05,Jurica,Mediano,101,21505.0,72,0.7129
2026-03-05,Juriquilla,Chico,112,18165.0,79,0.7054
2026-03-05,Juriquilla,Grande,74,19580.0,56,0.7568
2026-03-05,Juriquilla,Mediano,192,40975.0,141,0.7344
2026-03-06,Campanario,Chico,109,17850.0,80,0.7339
2026-03-06,Campanario,Grande,60,15850.0,45,0.75
2026-03-06,Campanario,Mediano,187,40065.0,140,0.7487
2026-03-06,Centro Sur,Chico,52,8480.0,37,0.7115
2026-03-06,Centro Sur,Grande,32,8505.0,25,0.7812
2026-03-06,Centro Sur,Mediano,102,21915.0,78,0.7647
2026-03-06,El Refugio,Chico,63,10390.0,48,0.7619
2026-03-06,El Refugio,Grande,47,12540.0,38,0.8085
2026-03-06,El Refugio,Mediano,132,28515.0,105,0.7955
2026-03-06,Jurica,Chico,67,10985.0,50,0.7463
2026-03-06,Jurica,Grande,37,9885.0,31,0.8378
2026-03-06,Jurica,Mediano,102,21870.0,77,0.7549
2026-03-06,Juriquilla,Chico,88,14260.0,61,0.6932
2026-03-06,Juriquilla,Grande,60,15985.0,48,0.8
2026-03-06,Juriquilla,Mediano,152,32595.0,115,0.7566
2026-03-07,Campanario,Chico,94,15490.0,71,0.7553
2026-03-07,Campanario,Grande,70,18485.0,52,0.7429
2026-03-07,Campanario,Mediano,149,31845.0,110,0.7383
2026-03-07,Centro Sur,Chico,49,8060.0,37,0.7551
2026-03-07,Centro Sur,Grande,38,9950.0,26,0.6842
2026-03-07,Centro Sur,Mediano,75,16025.0,55,0.7333
2026-03-07,El Refugio,Chico,71,11755.0,56,0.7887
2026-03-07,El Refugio,Grande,48,12650.0,35,0.7292
2026-03-07,El Refugio,Mediano,130,27575.0,90,0.6923
2026-03-07,Jurica,Chico,61,10000.0,45,0.7377
2026-03-07,Jurica,Grande,46,12330.0,39,0.8478
2026-03-07,Jurica,Mediano,101,21675.0,76,0.7525
2026-03-07,Juriquilla,Chico,92,15145.0,70,0.7609
2026-03-07,Juriquilla,Grande,79,21020.0,63,0.7975
2026-03-07,Juriquilla,Mediano,152,32490.0,112,0.7368
2026-03-08,Campanario,Chico,99,15730.0,61,0.6162
2026-03-08,Campanario,Grande,71,18920.0,57,0.8028
2026-03-08,Campanario,Mediano,156,33425.0,117,0.75
2026-03-08,Centro Sur,Chico,63,10070.0,40,0.6349
2026-03-08,Centro Sur,Grande,33,8750.0,26,0.7879
2026-03-08,Centro Sur,Mediano,91,19610.0,72,0.7912
2026-03-08,El Refugio,Chico,85,13795.0,60,0.7059
2026-03-08,El Refugio,Grande,47,12665.0,42,0.8936
2026-03-08,El Refugio,Mediano,117,25135.0,91,0.7778
2026-03-08,Jurica,Chico,43,6905.0,29,0.6744
2026-03-08,Jurica,Grande,42,11205.0,34,0.8095
2026-03-08,Jurica,Mediano,87,18525.0,62,0.7126
2026-03-08,Juriquilla,Chico,89,14600.0,66,0.7416
2026-03-08,Juriquilla,Grande,65,17115.0,47,0.7231
2026-03-08,Juriquilla,Mediano,131,28355.0,105,0.8015
2026-03-09,Campanario,Chico,112,18485.0,86,0.7679
2026-03-09,Campanario,Grande,62,16515.0,50,0.8065
2026-03-09,Campanario,Mediano,211,44915.0,151,0.7156
2026-03-09,Centro Sur,Chico,52,8490.0,37,0.7115
2026-03-09,Centro Sur,Grande,50,13065.0,34,0.68
2026-03-09,Centro Sur,Mediano,124,26555.0,93,0.75
2026-03-09,El Refugio,Chico,79,12985.0,59,0.7468
2026-03-09,El Refugio,Grande,57,15095.0,43,0.7544
2026-03-09,El Refugio,Mediano,144,31090.0,114,0.7917
2026-03-09,Jurica,Chico,78,12610.0,53,0.6795
2026-03-09,Jurica,Grande,39,10310.0,29,0.7436
2026-03-09,Jurica,Mediano,123,26300.0,91,0.7398
2026-03-09,Juriquilla,Chico,119,19620.0,91,0.7647
2026-03-09,Juriquilla,Grande,73,19450.0,59,0.8082
2026-03-09,Juriquilla,Mediano,174,37105.0,125,0.7184
2026-03-10,Campanario,Chico,129,21375.0,101,0.7829
2026-03-10,Campanario,Grande,78,20635.0,59,0.7564
2026-03-10,Campanario,Mediano,213,45545.0,158,0.7418
2026-03-10,Centro Sur,Chico,69,11280.0,51,0.7391
2026-03-10,Centro Sur,Grande,39,10380.0,31,0.7949
2026-03-10,Centro Sur,Mediano,116,24920.0,89,0.7672
2026-03-10,El Refugio,Chico,83,13600.0,62,0.747
2026-03-10,El Refugio,Grande,67,17515.0,45,0.6716
2026-03-10,El Refugio,Mediano,160,34350.0,122,0.7625
2026-03-10,Jurica,Chico,59,9420.0,37,0.6271
2026-03-10,Jurica,Grande,44,11445.0,28,0.6364
2026-03-10,Jurica,Mediano,127,27265.0,97,0.7638
2026-03-10,Juriquilla,Chico,107,17780.0,85,0.7944
2026-03-10,Juriquilla,Grande,80,21280.0,64,0.8
2026-03-10,Juriquilla,Mediano,212,45595.0,163,0.7689
2026-03-11,Campanario,Chico,117,19645.0,99,0.8462
2026-03-11,Campanario,Grande,62,16495.0,49,0.7903
2026-03-11,Campanario,Mediano,187,39740.0,133,0.7112
2026-03-11,Centro Sur,Chico,64,10460.0,47,0.7344
2026-03-11,Centro Sur,Grande,42,11135.0,33,0.7857
2026-03-11,Centro Sur,Mediano,122,26300.0,95,0.7787
2026-03-11,El Refugio,Chico,104,17090.0,79,0.7596
2026-03-11,El Refugio,Grande,61,15895.0,40,0.6557
2026-03-11,El Refugio,Mediano,155,33040.0,111,0.7161
2026-03-11,Jurica,Chico,66,11025.0,54,0.8182
2026-03-11,Jurica,Grande,38,10060.0,29,0.7632
2026-03-11,Jurica,Mediano,98,21145.0,77,0.7857
2026-03-11,Juriquilla,Chico,119,19670.0,91,0.7647
2026-03-11,Juriquilla,Grande,86,22915.0,70,0.814
2026-03-11,Juriquilla,Mediano,190,40420.0,134,0.7053
2026-03-12,Campanario,Chico,120,19540.0,86,0.7167
2026-03-12,Campanario,Grande,75,19770.0,55,0.7333
2026-03-12,Campanario,Mediano,218,46775.0,165,0.7569
2026-03-12,Centro Sur,Chico,61,9985.0,45,0.7377
2026-03-12,Centro Sur,Grande,46,12065.0,32,0.6957
2026-03-12,Centro Sur,Mediano,100,21530.0,77,0.77
2026-03-12,El Refugio,Chico,79,13150.0,64,0.8101
2026-03-12,El Refugio,Grande,53,13695.0,32,0.6038
2026-03-12,El Refugio,Mediano,152,32305.0,108,0.7105
2026-03-12,Jurica,Chico,79,12930.0,58,0.7342
2026-03-12,Jurica,Grande,37,9835.0,29,0.7838
2026-03-12,Jurica,Mediano,108,22975.0,77,0.713
2026-03-12,Juriquilla,Chico,114,18485.0,79,0.693
2026-03-12,Juriquilla,Grande,67,17855.0,54,0.806
2026-03-12,Juriquilla,Mediano,171,37035.0,139,0.8129
2026-03-13,Campanario,Chico,96,15820.0,74,0.7708
2026-03-13,Campanario,Grande,68,17910.0,49,0.7206
2026-03-13,Campanario,Mediano,156,33160.0,111,0.7115
2026-03-13,Centro Sur,Chico,50,8400.0,42,0.84
2026-03-13,Centro Sur,Grande,36,9540.0,27,0.75
2026-03-13,Centro Sur,Mediano,78,16820.0,61,0.7821
2026-03-13,El Refugio,Chico,67,11235.0,56,0.8358
2026-03-13,El Refugio,Grande,55,14545.0,42,0.7636
2026-03-13,El Refugio,Mediano,122,26100.0,90,0.7377
2026-03-13,Jurica,Chico,56,9225.0,42,0.75
2026-03-13,Jurica,Grande,26,7055.0,24,0.9231
2026-03-13,Jurica,Mediano,99,21240.0,75,0.7576
2026-03-13,Juriquilla,Chico,83,13595.0,62,0.747
2026-03-13,Juriquilla,Grande,55,14565.0,42,0.7636
2026-03-13,Juriquilla,Mediano,153,32960.0,120,0.7843
2026-03-14,Campanario,Chico,89,14505.0,64,0.7191
2026-03-14,Campanario,Grande,70,18475.0,52,0.7429
2026-03-14,Campanario,Mediano,157,33625.0,117,0.7452
2026-03-14,Centro Sur,Chico,50,8155.0,36,0.72
2026-03-14,Centro Sur,Grande,40,10715.0,34,0.85
2026-03-14,Centro Sur,Mediano,96,20795.0,77,0.8021
2026-03-14,El Refugio,Chico,77,12550.0,55,0.7143
2026-03-14,El Refugio,Grande,52,13865.0,42,0.8077
2026-03-14,El Refugio,Mediano,126,27180.0,99,0.7857
2026-03-14,Jurica,Chico,49,7955.0,34,0.6939
2026-03-14,Jurica,Grande,43,11470.0,35,0.814
2026-03-14,Jurica,Mediano,98,21000.0,73,0.7449
2026-03-14,Juriquilla,Chico,96,15740.0,71,0.7396
2026-03-14,Juriquilla,Grande,61,16275.0,50,0.8197
2026-03-14,Juriquilla,Mediano,160,33990.0,112,0.7
2026-03-15,Campanario,Chico,93,15090.0,65,0.6989
2026-03-15,Campanario,Grande,47,12600.0,40,0.8511
2026-03-15,Campanario,Mediano,153,32860.0,117,0.7647
2026-03-15,Centro Sur,Chico,56,9325.0,45,0.8036
2026-03-15,Centro Sur,Grande,52,13665.0,37,0.7115
2026-03-15,Centro Sur,Mediano,118,25445.0,92,0.7797
2026-03-15,El Refugio,Chico,60,9800.0,44,0.7333
2026-03-15,El Refugio,Grande,49,13020.0,39,0.7959
2026-03-15,El Refugio,Mediano,139,29860.0,106,0.7626
2026-03-15,Jurica,Chico,49,8160.0,40,0.8163
2026-03-15,Jurica,Grande,38,10110.0,30,0.7895
2026-03-15,Jurica,Mediano,111,23565.0,78,0.7027
2026-03-15,Juriquilla,Chico,78,12945.0,62,0.7949
2026-03-15,Juriquilla,Grande,64,16750.0,44,0.6875
2026-03-15,Juriquilla,Mediano,137,29130.0,97,0.708
2026-03-16,Campanario,Chico,112,18840.0,95,0.8482
2026-03-16,Campanario,Grande,64,17080.0,52,0.8125
2026-03-16,Campanario,Mediano,161,34595.0,124,0.7702
2026-03-16,Centro Sur,Chico,65,10680.0,49,0.7538
2026-03-16,Centro Sur,Grande,43,11540.0,37,0.8605
2026-03-16,Centro Sur,Mediano,98,20915.0,71,0.7245
2026-03-16,El Refugio,Chico,87,14310.0,66,0.7586
2026-03-16,El Refugio,Grande,63,16605.0,46,0.7302
2026-03-16,El Refugio,Mediano,160,34210.0,118,0.7375
2026-03-16,Jurica,Chico,67,10845.0,46,0.6866
2026-03-16,Jurica,Grande,51,13515.0,39,0.7647
2026-03-16,Jurica,Mediano,109,23300.0,80,0.7339
2026-03-16,Juriquilla,Chico,123,20205.0,93,0.7561
2026-03-16,Juriquilla,Grande,67,17780.0,52,0.7761
2026-03-16,Juriquilla,Mediano,186,40170.0,147,0.7903
2026-03-17,Campanario,Chico,98,16135.0,75,0.7653
2026-03-17,Campanario,Grande,66,17680.0,56,0.8485
2026-03-17,Campanario,Mediano,190,40580.0,140,0.7368
2026-03-17,Centro Sur,Chico,64,10665.0,52,0.8125
2026-03-17,Centro Sur,Grande,56,14910.0,45,0.8036
2026-03-17,Centro Sur,Mediano,98,20995.0,74,0.7551
2026-03-17,El Refugio,Chico,89,14670.0,68,0.764
2026-03-17,El Refugio,Grande,55,14200.0,33,0.6
2026-03-17,El Refugio,Mediano,141,30020.0,101,0.7163
2026-03-17,Jurica,Chico,55,8980.0,40,0.7273
2026-03-17,Jurica,Grande,35,9245.0,26,0.7429
2026-03-17,Jurica,Mediano,108,23155.0,81,0.75
2026-03-17,Juriquilla,Chico,112,18860.0,96,0.8571
2026-03-17,Juriquilla,Grande,64,16680.0,43,0.6719
2026-03-17,Juriquilla,Mediano,171,36320.0,120,0.7018
2026-03-18,Campanario,Chico,113,18715.0,88,0.7788
2026-03-18,Campanario,Grande,74,19710.0,59,0.7973
2026-03-18,Campanario,Mediano,200,43190.0,159,0.795
2026-03-18,Centro Sur,Chico,66,10865.0,50,0.7576
2026-03-18,Centro Sur,Grande,48,12665.0,35,0.7292
2026-03-18,Centro Sur,Mediano,115,24635.0,86,0.7478
2026-03-18,El Refugio,Chico,96,15860.0,74,0.7708
2026-03-18,El Refugio,Grande,64,16790.0,45,0.7031
2026-03-18,El Refugio,Mediano,133,28180.0,91,0.6842
2026-03-18,Jurica,Chico,70,11640.0,56,0.8
2026-03-18,Jurica,Grande,46,12395.0,40,0.8696
2026-03-18,Jurica,Mediano,109,23405.0,83,0.7615
2026-03-18,Juriquilla,Chico,115,19040.0,90,0.7826
2026-03-18,Juriquilla,Grande,77,20075.0,51,0.6623
2026-03-18,Juriquilla,Mediano,177,37685.0,128,0.7232
2026-03-19,Campanario,Chico,111,18175.0,82,0.7387
2026-03-19,Campanario,Grande,69,18055.0,47,0.6812
2026-03-19,Campanario,Mediano,167,35760.0,124,0.7425
2026-03-19,Centro Sur,Chico,57,9300.0,41,0.7193
2026-03-19,Centro Sur,Grande,45,11990.0,36,0.8
2026-03-19,Centro Sur,Mediano,109,23350.0,82,0.7523
2026-03-19,El Refugio,Chico,68,11205.0,52,0.7647
2026-03-19,El Refugio,Grande,53,13900.0,37,0.6981
2026-03-19,El Refugio,Mediano,154,33015.0,116,0.7532
2026-03-19,Jurica,Chico,67,10940.0,49,0.7313
2026-03-19,Jurica,Grande,45,11750.0,30,0.6667
2026-03-19,Jurica,Mediano,103,21810.0,70,0.6796
2026-03-19,Juriquilla,Chico,111,18195.0,82,0.7387
2026-03-19,Juriquilla,Grande,75,19960.0,60,0.8
2026-03-19,Juriquilla,Mediano,221,47140.0,160,0.724
2026-03-20,Campanario,Chico,96,15755.0,73,0.7604
2026-03-20,Campanario,Grande,68,17700.0,44,0.6471
2026-03-20,Campanario,Mediano,174,36930.0,122,0.7011
2026-03-20,Centro Sur,Chico,62,9930.0,40,0.6452
2026-03-20,Centro Sur,Grande,31,8170.0,23,0.7419
2026-03-20,Centro Sur,Mediano,95,20090.0,65,0.6842
2026-03-20,El Refugio,Chico,65,10710.0,50,0.7692
2026-03-20,El Refugio,Grande,48,12635.0,35,0.7292
2026-03-20,El Refugio,Mediano,134,28700.0,100,0.7463
2026-03-20,Jurica,Chico,55,8945.0,39,0.7091
2026-03-20,Jurica,Grande,34,9130.0,29,0.8529
2026-03-20,Jurica,Mediano,104,22375.0,81,0.7788
2026-03-20,Juriquilla,Chico,92,14960.0,65,0.7065
2026-03-20,Juriquilla,Grande,77,20420.0,59,0.7662
2026-03-20,Juriquilla,Mediano,138,29165.0,94,0.6812
2026-03-21,Campanario,Chico,108,17830.0,83,0.7685
2026-03-21,Campanario,Grande,48,12635.0,35,0.7292
2026-03-21,Campanario,Mediano,158,33695.0,114,0.7215
2026-03-21,Centro Sur,Chico,71,11750.0,55,0.7746
2026-03-21,Centro Sur,Grande,27,7035.0,18,0.6667
2026-03-21,Centro Sur,Mediano,99,21325.0,77,0.7778
2026-03-21,El Refugio,Chico,81,13455.0,65,0.8025
2026-03-21,El Refugio,Grande,47,12375.0,34,0.7234
2026-03-21,El Refugio,Mediano,120,25345.0,81,0.675
2026-03-21,Jurica,Chico,44,7150.0,31,0.7045
2026-03-21,Jurica,Grande,37,9815.0,29,0.7838
2026-03-21,Jurica,Mediano,103,22165.0,79,0.767
2026-03-21,Juriquilla,Chico,100,16405.0,74,0.74
2026-03-21,Juriquilla,Grande,74,19310.0,49,0.6622
2026-03-21,Juriquilla,Mediano,139,30030.0,110,0.7914
2026-03-22,Campanario,Chico,94,15325.0,68,0.7234
2026-03-22,Campanario,Grande,66,17475.0,50,0.7576
2026-03-22,Campanario,Mediano,130,28230.0,107,0.8231
2026-03-22,Centro Sur,Chico,58,9650.0,47,0.8103
2026-03-22,Centro Sur,Grande,43,11325.0,32,0.7442
2026-03-22,Centro Sur,Mediano,97,20570.0,68,0.701
2026-03-22,El Refugio,Chico,69,11465.0,55,0.7971
2026-03-22,El Refugio,Grande,55,14690.0,45,0.8182
2026-03-22,El Refugio,Mediano,121,25770.0,87,0.719
2026-03-22,Jurica,Chico,50,8070.0,34,0.68
2026-03-22,Jurica,Grande,43,11440.0,34,0.7907
2026-03-22,Jurica,Mediano,99,21200.0,74,0.7475
2026-03-22,Juriquilla,Chico,92,15080.0,68,0.7391
2026-03-22,Juriquilla,Grande,61,16185.0,47,0.7705
2026-03-22,Juriquilla,Mediano,152,32650.0,116,0.7632
2026-03-23,Campanario,Chico,98,16090.0,74,0.7551
2026-03-23,Campanario,Grande,79,21030.0,64,0.8101
2026-03-23,Campanario,Mediano,190,40435.0,135,0.7105
2026-03-23,Centro Sur,Chico,72,11645.0,49,0.6806
2026-03-23,Centro Sur,Grande,25,6535.0,17,0.68
2026-03-23,Centro Sur,Mediano,114,24280.0,82,0.7193
2026-03-23,El Refugio,Chico,95,15740.0,75,0.7895
2026-03-23,El Refugio,Grande,61,16060.0,44,0.7213
2026-03-23,El Refugio,Mediano,156,33455.0,118,0.7564
2026-03-23,Jurica,Chico,62,10195.0,47,0.7581
2026-03-23,Jurica,Grande,34,9090.0,28,0.8235
2026-03-23,Jurica,Mediano,120,25430.0,83,0.6917
2026-03-23,Juriquilla,Chico,104,16950.0,75,0.7212
2026-03-23,Juriquilla,Grande,79,20725.0,56,0.7089
2026-03-23,Juriquilla,Mediano,172,36620.0,124,0.7209
2026-03-24,Campanario,Chico,88,14355.0,64,0.7273
2026-03-24,Campanario,Grande,65,17145.0,48,0.7385
2026-03-24,Campanario,Mediano,174,37480.0,136,0.7816
2026-03-24,Centro Sur,Chico,77,12660.0,58,0.7532
2026-03-24,Centro Sur,Grande,49,12810.0,33,0.6735
2026-03-24,Centro Sur,Mediano,101,21715.0,78,0.7723
2026-03-24,El Refugio,Chico,99,16140.0,71,0.7172
2026-03-24,El Refugio,Grande,58,15165.0,39,0.6724
2026-03-24,El Refugio,Mediano,149,32050.0,116,0.7785
2026-03-24,Jurica,Chico,55,8990.0,40,0.7273
2026-03-24,Jurica,Grande,39,10340.0,30,0.7692
2026-03-24,Jurica,Mediano,120,25430.0,84,0.7
2026-03-24,Juriquilla,Chico,120,19905.0,95,0.7917
2026-03-24,Juriquilla,Grande,73,19345.0,56,0.7671
2026-03-24,Juriquilla,Mediano,164,34620.0,110,0.6707
2026-03-25,Campanario,Chico,114,18810.0,88,0.7719
2026-03-25,Campanario,Grande,71,18575.0,49,0.6901
2026-03-25,Campanario,Mediano,189,40625.0,146,0.7725
2026-03-25,Centro Sur,Chico,60,10070.0,51,0.85
2026-03-25,Centro Sur,Grande,42,11160.0,33,0.7857
2026-03-25,Centro Sur,Mediano,123,26080.0,85,0.6911
2026-03-25,El Refugio,Chico,98,16320.0,79,0.8061
2026-03-25,El Refugio,Grande,60,15960.0,48,0.8
2026-03-25,El Refugio,Mediano,162,34525.0,117,0.7222
2026-03-25,Jurica,Chico,63,10600.0,54,0.8571
2026-03-25,Jurica,Grande,44,11655.0,34,0.7727
2026-03-25,Jurica,Mediano,90,19410.0,71,0.7889
2026-03-25,Juriquilla,Chico,98,15840.0,67,0.6837
2026-03-25,Juriquilla,Grande,58,15420.0,46,0.7931
2026-03-25,Juriquilla,Mediano,174,37195.0,128,0.7356
2026-03-26,Campanario,Chico,122,20175.0,94,0.7705
2026-03-26,Campanario,Grande,76,19745.0,48,0.6316
2026-03-26,Campanario,Mediano,185,39895.0,145,0.7838
2026-03-26,Centro Sur,Chico,57,9355.0,43,0.7544
2026-03-26,Centro Sur,Grande,42,11045.0,30,0.7143
2026-03-26,Centro Sur,Mediano,112,23875.0,82,0.7321
2026-03-26,El Refugio,Chico,81,13355.0,62,0.7654
2026-03-26,El Refugio,Grande,58,15420.0,46,0.7931
2026-03-26,El Refugio,Mediano,158,34115.0,125,0.7911
2026-03-26,Jurica,Chico,69,11520.0,56,0.8116
2026-03-26,Jurica,Grande,57,15185.0,46,0.807
2026-03-26,Jurica,Mediano,122,26195.0,93,0.7623
2026-03-26,Juriquilla,Chico,96,15620.0,68,0.7083
2026-03-26,Juriquilla,Grande,82,21580.0,60,0.7317
2026-03-26,Juriquilla,Mediano,168,36060.0,128,0.7619
2026-03-27,Campanario,Chico,81,13405.0,64,0.7901
2026-03-27,Campanario,Grande,53,14135.0,43,0.8113
2026-03-27,Campanario,Mediano,172,36980.0,132,0.7674
2026-03-27,Centro Sur,Chico,51,8405.0,39,0.7647
2026-03-27,Centro Sur,Grande,40,10580.0,30,0.75
2026-03-27,Centro Sur,Mediano,93,20130.0,75,0.8065
2026-03-27,El Refugio,Chico,71,11385.0,46,0.6479
2026-03-27,El Refugio,Grande,47,12510.0,37,0.7872
2026-03-27,El Refugio,Mediano,119,25385.0,86,0.7227
2026-03-27,Jurica,Chico,54,8905.0,41,0.7593
2026-03-27,Jurica,Grande,35,9235.0,26,0.7429
2026-03-27,Jurica,Mediano,94,19715.0,60,0.6383
2026-03-27,Juriquilla,Chico,74,12125.0,55,0.7432
2026-03-27,Juriquilla,Grande,65,17155.0,48,0.7385
2026-03-27,Juriquilla,Mediano,151,32285.0,111,0.7351
2026-03-28,Campanario,Chico,101,16510.0,74,0.7327
2026-03-28,Campanario,Grande,54,14330.0,42,0.7778
2026-03-28,Campanario,Mediano,156,33710.0,125,0.8013
2026-03-28,Centro Sur,Chico,55,9090.0,43,0.7818
2026-03-28,Centro Sur,Grande,26,6935.0,21,0.8077
2026-03-28,Centro Sur,Mediano,90,19455.0,72,0.8
2026-03-28,El Refugio,Chico,64,10345.0,44,0.6875
2026-03-28,El Refugio,Grande,57,14995.0,41,0.7193
2026-03-28,El Refugio,Mediano,128,27625.0,101,0.7891
2026-03-28,Jurica,Chico,47,7720.0,35,0.7447
2026-03-28,Jurica,Grande,40,10650.0,32,0.8
2026-03-28,Jurica,Mediano,99,21060.0,71,0.7172
2026-03-28,Juriquilla,Chico,89,14655.0,68,0.764
2026-03-28,Juriquilla,Grande,63,16680.0,48,0.7619
2026-03-28,Juriquilla,Mediano,135,28880.0,100,0.7407
2026-03-29,Campanario,Chico,67,10895.0,48,0.7164
2026-03-29,Campanario,Grande,54,14410.0,44,0.8148
2026-03-29,Campanario,Mediano,161,34370.0,117,0.7267
2026-03-29,Centro Sur,Chico,51,8355.0,38,0.7451
2026-03-29,Centro Sur,Grande,33,8795.0,27,0.8182
2026-03-29,Centro Sur,Mediano,88,18870.0,67,0.7614
2026-03-29,El Refugio,Chico,70,11710.0,58,0.8286
2026-03-29,El Refugio,Grande,53,13970.0,39,0.7358
2026-03-29,El Refugio,Mediano,110,23340.0,78,0.7091
2026-03-29,Jurica,Chico,39,6360.0,28,0.7179
2026-03-29,Jurica,Grande,34,8975.0,25,0.7353
2026-03-29,Jurica,Mediano,104,22275.0,78,0.75
2026-03-29,Juriquilla,Chico,98,16260.0,78,0.7959
2026-03-29,Juriquilla,Grande,60,15790.0,43,0.7167
2026-03-29,Juriquilla,Mediano,148,31640.0,109,0.7365
2026-03-30,Campanario,Chico,122,19945.0,89,0.7295
2026-03-30,Campanario,Grande,54,14260.0,40,0.7407
2026-03-30,Campanario,Mediano,180,38950.0,146,0.8111
2026-03-30,Centro Sur,Chico,75,12370.0,58,0.7733
2026-03-30,Centro Sur,Grande,49,13090.0,40,0.8163
2026-03-30,Centro Sur,Mediano,99,21180.0,73,0.7374
2026-03-30,El Refugio,Chico,88,14425.0,65,0.7386
2026-03-30,El Refugio,Grande,60,15555.0,37,0.6167
2026-03-30,El Refugio,Mediano,138,29595.0,104,0.7536
2026-03-30,Jurica,Chico,53,8675.0,39,0.7358
2026-03-30,Jurica,Grande,51,13440.0,37,0.7255
2026-03-30,Jurica,Mediano,95,20690.0,80,0.8421
2026-03-30,Juriquilla,Chico,106,17325.0,77,0.7264
2026-03-30,Juriquilla,Grande,81,21430.0,62,0.7654
2026-03-30,Juriquilla,Mediano,193,41425.0,147,0.7617
2026-03-31,Campanario,Chico,99,16455.0,79,0.798
2026-03-31,Campanario,Grande,76,20060.0,56,0.7368
2026-03-31,Campanario,Mediano,171,36615.0,128,0.7485
2026-03-31,Centro Sur,Chico,76,12780.0,65,0.8553
2026-03-31,Centro Sur,Grande,55,14465.0,40,0.7273
2026-03-31,Centro Sur,Mediano,107,23275.0,90,0.8411
2026-03-31,El Refugio,Chico,106,17620.0,85,0.8019
2026-03-31,El Refugio,Grande,58,15280.0,42,0.7241
2026-03-31,El Refugio,Mediano,155,32835.0,107,0.6903
2026-03-31,Jurica,Chico,69,11690.0,61,0.8841
2026-03-31,Jurica,Grande,44,11685.0,34,0.7727
2026-03-31,Jurica,Mediano,111,24130.0,92,0.8288
2026-03-31,Juriquilla,Chico,96,15770.0,73,0.7604
2026-03-31,Juriquilla,Grande,66,17575.0,54,0.8182
2026-03-31,Juriquilla,Mediano,186,39975.0,141,0.7581
2026-04-01,Campanario,Chico,109,17875.0,81,0.7431
2026-04-01,Campanario,Grande,72,19110.0,56,0.7778
2026-04-01,Campanario,Mediano,179,38365.0,134,0.7486
2026-04-01,Centro Sur,Chico,59,9775.0,46,0.7797
2026-04-01,Centro Sur,Grande,39,10230.0,27,0.6923
2026-04-01,Centro Sur,Mediano,105,22475.0,79,0.7524
2026-04-01,El Refugio,Chico,78,12620.0,54,0.6923
2026-04-01,El Refugio,Grande,54,14295.0,41,0.7593
2026-04-01,El Refugio,Mediano,144,30740.0,104,0.7222
2026-04-01,Jurica,Chico,73,11960.0,54,0.7397
2026-04-01,Jurica,Grande,34,9085.0,28,0.8235
2026-04-01,Jurica,Mediano,122,26545.0,101,0.8279
2026-04-01,Juriquilla,Chico,103,16720.0,73,0.7087
2026-04-01,Juriquilla,Grande,80,20885.0,53,0.6625
2026-04-01,Juriquilla,Mediano,167,35435.0,117,0.7006
2026-04-02,Campanario,Chico,121,19880.0,91,0.7521
2026-04-02,Campanario,Grande,73,19345.0,56,0.7671
2026-04-02,Campanario,Mediano,199,42420.0,144,0.7236
2026-04-02,Centro Sur,Chico,60,10015.0,49,0.8167
2026-04-02,Centro Sur,Grande,45,11790.0,31,0.6889
2026-04-02,Centro Sur,Mediano,111,23630.0,80,0.7207
2026-04-02,El Refugio,Chico,84,13660.0,60,0.7143
2026-04-02,El Refugio,Grande,56,14830.0,43,0.7679
2026-04-02,El Refugio,Mediano,147,31650.0,114,0.7755
2026-04-02,Jurica,Chico,78,12625.0,54,0.6923
2026-04-02,Jurica,Grande,58,15295.0,43,0.7414
2026-04-02,Jurica,Mediano,114,24085.0,77,0.6754
2026-04-02,Juriquilla,Chico,118,19230.0,85,0.7203
2026-04-02,Juriquilla,Grande,72,18905.0,51,0.7083
2026-04-02,Juriquilla,Mediano,190,40920.0,149,0.7842
2026-04-03,Campanario,Chico,108,17730.0,81,0.75
2026-04-03,Campanario,Grande,72,19050.0,55,0.7639
2026-04-03,Campanario,Mediano,162,34515.0,117,0.7222
2026-04-03,Centro Sur,Chico,53,8710.0,40,0.7547
2026-04-03,Centro Sur,Grande,36,9385.0,24,0.6667
2026-04-03,Centro Sur,Mediano,102,21435.0,66,0.6471
2026-04-03,El Refugio,Chico,71,11525.0,50,0.7042
2026-04-03,El Refugio,Grande,51,13640.0,43,0.8431
2026-04-03,El Refugio,Mediano,131,28070.0,98,0.7481
2026-04-03,Jurica,Chico,44,7095.0,30,0.6818
2026-04-03,Jurica,Grande,29,7600.0,20,0.6897
2026-04-03,Jurica,Mediano,88,18640.0,61,0.6932
2026-04-03,Juriquilla,Chico,94,15485.0,72,0.766
2026-04-03,Juriquilla,Grande,70,18585.0,55,0.7857
2026-04-03,Juriquilla,Mediano,164,35785.0,139,0.8476
2026-04-04,Campanario,Chico,108,17525.0,76,0.7037
2026-04-04,Campanario,Grande,71,18545.0,48,0.6761
2026-04-04,Campanario,Mediano,134,28695.0,100,0.7463
2026-04-04,Centro Sur,Chico,66,10825.0,49,0.7424
2026-04-04,Centro Sur,Grande,36,9480.0,26,0.7222
2026-04-04,Centro Sur,Mediano,86,18500.0,66,0.7674
2026-04-04,El Refugio,Chico,72,11710.0,51,0.7083
2026-04-04,El Refugio,Grande,47,12370.0,34,0.7234
2026-04-04,El Refugio,Mediano,144,30865.0,108,0.75
2026-04-04,Jurica,Chico,60,9895.0,46,0.7667
2026-04-04,Jurica,Grande,37,9720.0,26,0.7027
2026-04-04,Jurica,Mediano,82,17800.0,67,0.8171
2026-04-04,Juriquilla,Chico,95,15505.0,69,0.7263
2026-04-04,Juriquilla,Grande,54,14310.0,41,0.7593
2026-04-04,Juriquilla,Mediano,156,33395.0,116,0.7436
2026-04-05,Campanario,Chico,85,14145.0,69,0.8118
2026-04-05,Campanario,Grande,77,20330.0,57,0.7403
2026-04-05,Campanario,Mediano,154,33065.0,117,0.7597
2026-04-05,Centro Sur,Chico,75,12510.0,61,0.8133
2026-04-05,Centro Sur,Grande,48,12575.0,33,0.6875
2026-04-05,Centro Sur,Mediano,88,19005.0,70,0.7955
2026-04-05,El Refugio,Chico,68,11270.0,54,0.7941
2026-04-05,El Refugio,Grande,43,11510.0,36,0.8372
2026-04-05,El Refugio,Mediano,135,28510.0,90,0.6667
2026-04-05,Jurica,Chico,46,7340.0,29,0.6304
2026-04-05,Jurica,Grande,40,10565.0,30,0.75
2026-04-05,Jurica,Mediano,83,17705.0,61,0.7349
2026-04-05,Juriquilla,Chico,82,13370.0,59,0.7195
2026-04-05,Juriquilla,Grande,54,14155.0,38,0.7037
2026-04-05,Juriquilla,Mediano,172,36695.0,125,0.7267
2026-04-06,Campanario,Chico,118,19580.0,93,0.7881
2026-04-06,Campanario,Grande,67,17595.0,48,0.7164
2026-04-06,Campanario,Mediano,196,41840.0,143,0.7296
2026-04-06,Centro Sur,Chico,81,13070.0,55,0.679
2026-04-06,Centro Sur,Grande,39,10345.0,30,0.7692
2026-04-06,Centro Sur,Mediano,86,18460.0,65,0.7558
2026-04-06,El Refugio,Chico,75,12275.0,55,0.7333
2026-04-06,El Refugio,Grande,61,16390.0,53,0.8689
2026-04-06,El Refugio,Mediano,127,27255.0,96,0.7559
2026-04-06,Jurica,Chico,58,9470.0,42,0.7241
2026-04-06,Jurica,Grande,43,11180.0,28,0.6512
2026-04-06,Jurica,Mediano,111,23920.0,86,0.7748
2026-04-06,Juriquilla,Chico,116,19090.0,88,0.7586
2026-04-06,Juriquilla,Grande,76,19855.0,52,0.6842
2026-04-06,Juriquilla,Mediano,180,38545.0,135,0.75
2026-04-07,Campanario,Chico,105,17395.0,83,0.7905
2026-04-07,Campanario,Grande,58,15495.0,48,0.8276
2026-04-07,Campanario,Mediano,192,41020.0,141,0.7344
2026-04-07,Centro Sur,Chico,77,12855.0,63,0.8182
2026-04-07,Centro Sur,Grande,43,11345.0,32,0.7442
2026-04-07,Centro Sur,Mediano,111,23570.0,78,0.7027
2026-04-07,El Refugio,Chico,95,15445.0,67,0.7053
2026-04-07,El Refugio,Grande,69,18185.0,50,0.7246
2026-04-07,El Refugio,Mediano,146,31205.0,108,0.7397
2026-04-07,Jurica,Chico,71,11610.0,52,0.7324
2026-04-07,Jurica,Grande,53,14095.0,42,0.7925
2026-04-07,Jurica,Mediano,124,26425.0,89,0.7177
2026-04-07,Juriquilla,Chico,131,20935.0,84,0.6412
2026-04-07,Juriquilla,Grande,77,20460.0,60,0.7792
2026-04-07,Juriquilla,Mediano,163,34885.0,122,0.7485
2026-04-08,Campanario,Chico,110,18195.0,85,0.7727
2026-04-08,Campanario,Grande,73,19405.0,58,0.7945
2026-04-08,Campanario,Mediano,198,42640.0,154,0.7778
2026-04-08,Centro Sur,Chico,69,11280.0,50,0.7246
2026-04-08,Centro Sur,Grande,51,13430.0,37,0.7255
2026-04-08,Centro Sur,Mediano,110,23665.0,85,0.7727
2026-04-08,El Refugio,Chico,83,13570.0,61,0.7349
2026-04-08,El Refugio,Grande,57,15095.0,44,0.7719
2026-04-08,El Refugio,Mediano,135,29580.0,118,0.8741
2026-04-08,Jurica,Chico,63,10000.0,38,0.6032
2026-04-08,Jurica,Grande,52,13550.0,34,0.6538
2026-04-08,Jurica,Mediano,115,24955.0,94,0.8174
2026-04-08,Juriquilla,Chico,112,18380.0,84,0.75
2026-04-08,Juriquilla,Grande,71,18650.0,51,0.7183
2026-04-08,Juriquilla,Mediano,158,34060.0,124,0.7848
2026-04-09,Campanario,Chico,107,17470.0,78,0.729
2026-04-09,Campanario,Grande,67,17510.0,45,0.6716
2026-04-09,Campanario,Mediano,181,38610.0,131,0.7238
2026-04-09,Centro Sur,Chico,63,10470.0,50,0.7937
2026-04-09,Centro Sur,Grande,40,10455.0,27,0.675
2026-04-09,Centro Sur,Mediano,96,20595.0,73,0.7604
2026-04-09,El Refugio,Chico,84,13805.0,63,0.75
2026-04-09,El Refugio,Grande,58,15400.0,45,0.7759
2026-04-09,El Refugio,Mediano,159,33970.0,117,0.7358
2026-04-09,Jurica,Chico,78,12840.0,60,0.7692
2026-04-09,Jurica,Grande,43,11435.0,34,0.7907
2026-04-09,Jurica,Mediano,100,21530.0,78,0.78
2026-04-09,Juriquilla,Chico,115,18845.0,85,0.7391
2026-04-09,Juriquilla,Grande,88,23605.0,75,0.8523
2026-04-09,Juriquilla,Mediano,177,37590.0,125,0.7062
2026-04-10,Campanario,Chico,84,13660.0,60,0.7143
2026-04-10,Campanario,Grande,63,16780.0,51,0.8095
2026-04-10,Campanario,Mediano,158,33510.0,110,0.6962
2026-04-10,Centro Sur,Chico,56,9125.0,40,0.7143
2026-04-10,Centro Sur,Grande,35,9400.0,30,0.8571
2026-04-10,Centro Sur,Mediano,78,16885.0,63,0.8077
2026-04-10,El Refugio,Chico,75,12030.0,49,0.6533
2026-04-10,El Refugio,Grande,56,14705.0,40,0.7143
2026-04-10,El Refugio,Mediano,117,24935.0,85,0.7265
2026-04-10,Jurica,Chico,70,11245.0,46,0.6571
2026-04-10,Jurica,Grande,41,11005.0,35,0.8537
2026-04-10,Jurica,Mediano,89,19180.0,70,0.7865
2026-04-10,Juriquilla,Chico,106,17270.0,76,0.717
2026-04-10,Juriquilla,Grande,61,15900.0,40,0.6557
2026-04-10,Juriquilla,Mediano,162,34395.0,114,0.7037
2026-04-11,Campanario,Chico,88,14445.0,65,0.7386
2026-04-11,Campanario,Grande,54,14330.0,42,0.7778
2026-04-11,Campanario,Mediano,137,29405.0,105,0.7664
2026-04-11,Centro Sur,Chico,60,9790.0,43,0.7167
2026-04-11,Centro Sur,Grande,33,8670.0,23,0.697
2026-04-11,Centro Sur,Mediano,85,18190.0,63,0.7412
2026-04-11,El Refugio,Chico,71,11810.0,57,0.8028
2026-04-11,El Refugio,Grande,44,11505.0,30,0.6818
2026-04-11,El Refugio,Mediano,144,30800.0,107,0.7431
2026-04-11,Jurica,Chico,62,10370.0,51,0.8226
2026-04-11,Jurica,Grande,40,10585.0,30,0.75
2026-04-11,Jurica,Mediano,87,18755.0,68,0.7816
2026-04-11,Juriquilla,Chico,76,12725.0,63,0.8289
2026-04-11,Juriquilla,Grande,61,16190.0,48,0.7869
2026-04-11,Juriquilla,Mediano,153,32795.0,115,0.7516
2026-04-12,Campanario,Chico,91,14865.0,67,0.7363
2026-04-12,Campanario,Grande,57,14800.0,36,0.6316
2026-04-12,Campanario,Mediano,167,35820.0,125,0.7485
2026-04-12,Centro Sur,Chico,48,7895.0,36,0.75
2026-04-12,Centro Sur,Grande,42,11145.0,33,0.7857
2026-04-12,Centro Sur,Mediano,82,17605.0,62,0.7561
2026-04-12,El Refugio,Chico,81,13320.0,61,0.7531
2026-04-12,El Refugio,Grande,41,10775.0,30,0.7317
2026-04-12,El Refugio,Mediano,122,25945.0,86,0.7049
2026-04-12,Jurica,Chico,48,7870.0,36,0.75
2026-04-12,Jurica,Grande,30,7825.0,20,0.6667
2026-04-12,Jurica,Mediano,105,22150.0,70,0.6667
2026-04-12,Juriquilla,Chico,102,17005.0,82,0.8039
2026-04-12,Juriquilla,Grande,72,18910.0,51,0.7083
2026-04-12,Juriquilla,Mediano,171,37010.0,138,0.807
2026-04-13,Campanario,Chico,102,16870.0,80,0.7843
2026-04-13,Campanario,Grande,88,23185.0,64,0.7273
2026-04-13,Campanario,Mediano,169,36430.0,133,0.787
2026-04-13,Centro Sur,Chico,52,8310.0,33,0.6346
2026-04-13,Centro Sur,Grande,44,11595.0,33,0.75
2026-04-13,Centro Sur,Mediano,107,23255.0,89,0.8318
2026-04-13,El Refugio,Chico,89,14515.0,64,0.7191
2026-04-13,El Refugio,Grande,54,14215.0,39,0.7222
2026-04-13,El Refugio,Mediano,166,35350.0,119,0.7169
2026-04-13,Jurica,Chico,65,10645.0,48,0.7385
2026-04-13,Jurica,Grande,33,8535.0,20,0.6061
2026-04-13,Jurica,Mediano,116,24625.0,82,0.7069
2026-04-13,Juriquilla,Chico,103,17080.0,81,0.7864
2026-04-13,Juriquilla,Grande,74,19655.0,58,0.7838
2026-04-13,Juriquilla,Mediano,186,39645.0,134,0.7204
2026-04-14,Campanario,Chico,107,17815.0,87,0.8131
2026-04-14,Campanario,Grande,79,20650.0,54,0.6835
2026-04-14,Campanario,Mediano,170,36485.0,129,0.7588
2026-04-14,Centro Sur,Chico,64,10525.0,48,0.75
2026-04-14,Centro Sur,Grande,37,9665.0,25,0.6757
2026-04-14,Centro Sur,Mediano,96,20690.0,75,0.7812
2026-04-14,El Refugio,Chico,83,13765.0,65,0.7831
2026-04-14,El Refugio,Grande,67,17865.0,54,0.806
2026-04-14,El Refugio,Mediano,148,32055.0,120,0.8108
2026-04-14,Jurica,Chico,64,10535.0,48,0.75
2026-04-14,Jurica,Grande,41,10645.0,26,0.6341
2026-04-14,Jurica,Mediano,107,22660.0,74,0.6916
2026-04-14,Juriquilla,Chico,110,18140.0,84,0.7636
2026-04-14,Juriquilla,Grande,73,19465.0,59,0.8082
2026-04-14,Juriquilla,Mediano,191,40910.0,144,0.7539
2026-04-15,Campanario,Chico,110,18375.0,90,0.8182
2026-04-15,Campanario,Grande,75,20010.0,61,0.8133
2026-04-15,Campanario,Mediano,195,41740.0,145,0.7436
2026-04-15,Centro Sur,Chico,61,10010.0,45,0.7377
2026-04-15,Centro Sur,Grande,33,8740.0,25,0.7576
2026-04-15,Centro Sur,Mediano,106,22730.0,80,0.7547
2026-04-15,El Refugio,Chico,81,13500.0,66,0.8148
2026-04-15,El Refugio,Grande,59,15730.0,48,0.8136
2026-04-15,El Refugio,Mediano,143,30440.0,102,0.7133
2026-04-15,Jurica,Chico,81,13250.0,59,0.7284
2026-04-15,Jurica,Grande,41,10795.0,30,0.7317
2026-04-15,Jurica,Mediano,97,20725.0,71,0.732
2026-04-15,Juriquilla,Chico,113,18515.0,83,0.7345
2026-04-15,Juriquilla,Grande,83,22005.0,64,0.7711
2026-04-15,Juriquilla,Mediano,192,41020.0,141,0.7344
2026-04-16,Campanario,Chico,116,19090.0,88,0.7586
2026-04-16,Campanario,Grande,77,20170.0,53,0.6883
2026-04-16,Campanario,Mediano,167,35790.0,125,0.7485
2026-04-16,Centro Sur,Chico,72,11630.0,49,0.6806
2026-04-16,Centro Sur,Grande,43,11200.0,28,0.6512
2026-04-16,Centro Sur,Mediano,116,24650.0,82,0.7069
2026-04-16,El Refugio,Chico,81,13310.0,61,0.7531
2026-04-16,El Refugio,Grande,47,12485.0,37,0.7872
2026-04-16,El Refugio,Mediano,162,34680.0,121,0.7469
2026-04-16,Jurica,Chico,67,11070.0,52,0.7761
2026-04-16,Jurica,Grande,50,13145.0,36,0.72
2026-04-16,Jurica,Mediano,108,23275.0,85,0.787
2026-04-16,Juriquilla,Chico,107,17615.0,82,0.7664
2026-04-16,Juriquilla,Grande,75,20100.0,63,0.84
2026-04-16,Juriquilla,Mediano,201,43125.0,152,0.7562
2026-04-17,Campanario,Chico,81,13450.0,65,0.8025
2026-04-17,Campanario,Grande,59,15825.0,50,0.8475
2026-04-17,Campanario,Mediano,142,30455.0,107,0.7535
2026-04-17,Centro Sur,Chico,59,9910.0,50,0.8475
2026-04-17,Centro Sur,Grande,29,7815.0,26,0.8966
2026-04-17,Centro Sur,Mediano,100,21430.0,76,0.76
2026-04-17,El Refugio,Chico,90,14930.0,71,0.7889
2026-04-17,El Refugio,Grande,56,14675.0,39,0.6964
2026-04-17,El Refugio,Mediano,112,24175.0,89,0.7946
2026-04-17,Jurica,Chico,57,9310.0,41,0.7193
2026-04-17,Jurica,Grande,34,8840.0,22,0.6471
2026-04-17,Jurica,Mediano,71,15290.0,55,0.7746
2026-04-17,Juriquilla,Chico,109,17885.0,81,0.7431
2026-04-17,Juriquilla,Grande,59,15655.0,46,0.7797
2026-04-17,Juriquilla,Mediano,140,29995.0,105,0.75
2026-04-18,Campanario,Chico,93,15605.0,78,0.8387
2026-04-18,Campanario,Grande,54,14255.0,40,0.7407
2026-04-18,Campanario,Mediano,148,31810.0,113,0.7635
2026-04-18,Centro Sur,Chico,49,8005.0,36,0.7347
2026-04-18,Centro Sur,Grande,34,8930.0,24,0.7059
2026-04-18,Centro Sur,Mediano,82,17610.0,63,0.7683
2026-04-18,El Refugio,Chico,78,12925.0,62,0.7949
2026-04-18,El Refugio,Grande,44,11475.0,29,0.6591
2026-04-18,El Refugio,Mediano,138,29600.0,104,0.7536
2026-04-18,Jurica,Chico,61,10080.0,48,0.7869
2026-04-18,Jurica,Grande,51,13465.0,38,0.7451
2026-04-18,Jurica,Mediano,110,23785.0,88,0.8
2026-04-18,Juriquilla,Chico,83,13815.0,66,0.7952
2026-04-18,Juriquilla,Grande,72,19095.0,56,0.7778
2026-04-18,Juriquilla,Mediano,153,32490.0,107,0.6993
2026-04-19,Campanario,Chico,104,17290.0,85,0.8173
2026-04-19,Campanario,Grande,80,21040.0,58,0.725
2026-04-19,Campanario,Mediano,149,32045.0,115,0.7718
2026-04-19,Centro Sur,Chico,73,11865.0,52,0.7123
2026-04-19,Centro Sur,Grande,36,9530.0,28,0.7778
2026-04-19,Centro Sur,Mediano,91,19635.0,72,0.7912
2026-04-19,El Refugio,Chico,75,12170.0,52,0.6933
2026-04-19,El Refugio,Grande,56,14800.0,42,0.75
2026-04-19,El Refugio,Mediano,133,28615.0,103,0.7744
2026-04-19,Jurica,Chico,49,8175.0,40,0.8163
2026-04-19,Jurica,Grande,45,11815.0,32,0.7111
2026-04-19,Jurica,Mediano,91,19455.0,67,0.7363
2026-04-19,Juriquilla,Chico,93,15095.0,65,0.6989
2026-04-19,Juriquilla,Grande,73,19570.0,62,0.8493
2026-04-19,Juriquilla,Mediano,137,29200.0,98,0.7153
2026-04-20,Campanario,Chico,109,17890.0,81,0.7431
2026-04-20,Campanario,Grande,60,16150.0,52,0.8667
2026-04-20,Campanario,Mediano,176,37425.0,126,0.7159
2026-04-20,Centro Sur,Chico,65,10770.0,51,0.7846
2026-04-20,Centro Sur,Grande,42,11100.0,32,0.7619
2026-04-20,Centro Sur,Mediano,105,22295.0,74,0.7048
2026-04-20,El Refugio,Chico,82,13655.0,66,0.8049
2026-04-20,El Refugio,Grande,63,16370.0,40,0.6349
2026-04-20,El Refugio,Mediano,151,32065.0,106,0.702
2026-04-20,Jurica,Chico,70,11445.0,51,0.7286
2026-04-20,Jurica,Grande,46,12335.0,39,0.8478
2026-04-20,Jurica,Mediano,103,22375.0,85,0.8252
2026-04-20,Juriquilla,Chico,118,19710.0,97,0.822
2026-04-20,Juriquilla,Grande,73,19155.0,51,0.6986
2026-04-20,Juriquilla,Mediano,187,40070.0,141,0.754
2026-04-21,Campanario,Chico,122,19960.0,90,0.7377
2026-04-21,Campanario,Grande,78,20670.0,60,0.7692
2026-04-21,Campanario,Mediano,181,39010.0,141,0.779
2026-04-21,Centro Sur,Chico,46,7485.0,33,0.7174
2026-04-21,Centro Sur,Grande,47,12270.0,32,0.6809
2026-04-21,Centro Sur,Mediano,105,22450.0,78,0.7429
2026-04-21,El Refugio,Chico,88,14520.0,67,0.7614
2026-04-21,El Refugio,Grande,57,15125.0,44,0.7719
2026-04-21,El Refugio,Mediano,130,28015.0,101,0.7769
2026-04-21,Jurica,Chico,58,9675.0,47,0.8103
2026-04-21,Jurica,Grande,40,10595.0,31,0.775
2026-04-21,Jurica,Mediano,97,20790.0,73,0.7526
2026-04-21,Juriquilla,Chico,115,19210.0,94,0.8174
2026-04-21,Juriquilla,Grande,69,18565.0,60,0.8696
2026-04-21,Juriquilla,Mediano,193,41235.0,141,0.7306
2026-04-22,Campanario,Chico,117,19375.0,92,0.7863
2026-04-22,Campanario,Grande,72,18955.0,52,0.7222
2026-04-22,Campanario,Mediano,193,41680.0,153,0.7927
2026-04-22,Centro Sur,Chico,65,10750.0,50,0.7692
2026-04-22,Centro Sur,Grande,36,9510.0,27,0.75
2026-04-22,Centro Sur,Mediano,110,23765.0,87,0.7909
2026-04-22,El Refugio,Chico,83,13745.0,65,0.7831
2026-04-22,El Refugio,Grande,53,14180.0,44,0.8302
2026-04-22,El Refugio,Mediano,167,35660.0,122,0.7305
2026-04-22,Jurica,Chico,52,8365.0,35,0.6731
2026-04-22,Jurica,Grande,57,15030.0,42,0.7368
2026-04-22,Jurica,Mediano,109,23575.0,88,0.8073
2026-04-22,Juriquilla,Chico,109,18045.0,86,0.789
2026-04-22,Juriquilla,Grande,70,18560.0,55,0.7857
2026-04-22,Juriquilla,Mediano,200,43090.0,156,0.78
2026-04-23,Campanario,Chico,120,19600.0,87,0.725
2026-04-23,Campanario,Grande,58,15315.0,43,0.7414
2026-04-23,Campanario,Mediano,177,38045.0,136,0.7684
2026-04-23,Centro Sur,Chico,70,11620.0,56,0.8
2026-04-23,Centro Sur,Grande,33,8625.0,22,0.6667
2026-04-23,Centro Sur,Mediano,118,25325.0,90,0.7627
2026-04-23,El Refugio,Chico,94,15705.0,78,0.8298
2026-04-23,El Refugio,Grande,58,15490.0,48,0.8276
2026-04-23,El Refugio,Mediano,141,30145.0,104,0.7376
2026-04-23,Jurica,Chico,73,11985.0,55,0.7534
2026-04-23,Jurica,Grande,39,10340.0,30,0.7692
2026-04-23,Jurica,Mediano,122,26185.0,92,0.7541
2026-04-23,Juriquilla,Chico,116,19135.0,89,0.7672
2026-04-23,Juriquilla,Grande,71,18745.0,53,0.7465
2026-04-23,Juriquilla,Mediano,183,39150.0,135,0.7377
2026-04-24,Campanario,Chico,97,16045.0,76,0.7835
2026-04-24,Campanario,Grande,73,18945.0,46,0.6301
2026-04-24,Campanario,Mediano,132,28450.0,103,0.7803
2026-04-24,Centro Sur,Chico,43,7120.0,34,0.7907
2026-04-24,Centro Sur,Grande,42,10925.0,27,0.6429
2026-04-24,Centro Sur,Mediano,85,18100.0,61,0.7176
2026-04-24,El Refugio,Chico,59,9950.0,51,0.8644
2026-04-24,El Refugio,Grande,48,12470.0,31,0.6458
2026-04-24,El Refugio,Mediano,123,26165.0,87,0.7073
2026-04-24,Jurica,Chico,71,11645.0,53,0.7465
2026-04-24,Jurica,Grande,31,8200.0,24,0.7742
2026-04-24,Jurica,Mediano,104,22355.0,80,0.7692
2026-04-24,Juriquilla,Chico,102,17005.0,83,0.8137
2026-04-24,Juriquilla,Grande,68,17775.0,46,0.6765
2026-04-24,Juriquilla,Mediano,150,32245.0,115,0.7667
2026-04-25,Campanario,Chico,88,14745.0,73,0.8295
2026-04-25,Campanario,Grande,67,17345.0,41,0.6119
2026-04-25,Campanario,Mediano,136,29045.0,100,0.7353
2026-04-25,Centro Sur,Chico,58,9375.0,40,0.6897
2026-04-25,Centro Sur,Grande,36,9515.0,27,0.75
2026-04-25,Centro Sur,Mediano,80,17290.0,64,0.8
2026-04-25,El Refugio,Chico,80,13255.0,63,0.7875
2026-04-25,El Refugio,Grande,38,10035.0,28,0.7368
2026-04-25,El Refugio,Mediano,129,27710.0,99,0.7674
2026-04-25,Jurica,Chico,44,7270.0,34,0.7727
2026-04-25,Jurica,Grande,43,11200.0,28,0.6512
2026-04-25,Jurica,Mediano,99,21030.0,70,0.7071
2026-04-25,Juriquilla,Chico,106,17270.0,76,0.717
2026-04-25,Juriquilla,Grande,72,19085.0,55,0.7639
2026-04-25,Juriquilla,Mediano,147,31355.0,106,0.7211
2026-04-26,Campanario,Chico,84,14005.0,68,0.8095
2026-04-26,Campanario,Grande,72,18915.0,51,0.7083
2026-04-26,Campanario,Mediano,180,38525.0,135,0.75
2026-04-26,Centro Sur,Chico,45,7095.0,26,0.5778
2026-04-26,Centro Sur,Grande,40,10530.0,29,0.725
2026-04-26,Centro Sur,Mediano,92,19710.0,69,0.75
2026-04-26,El Refugio,Chico,72,11680.0,50,0.6944
2026-04-26,El Refugio,Grande,67,17750.0,51,0.7612
2026-04-26,El Refugio,Mediano,118,24995.0,81,0.6864
2026-04-26,Jurica,Chico,58,9550.0,44,0.7586
2026-04-26,Jurica,Grande,38,10185.0,32,0.8421
2026-04-26,Jurica,Mediano,90,19215.0,67,0.7444
2026-04-26,Juriquilla,Chico,88,14405.0,65,0.7386
2026-04-26,Juriquilla,Grande,57,15000.0,41,0.7193
2026-04-26,Juriquilla,Mediano,153,32630.0,111,0.7255
2026-04-27,Campanario,Chico,99,16025.0,68,0.6869
2026-04-27,Campanario,Grande,67,17785.0,52,0.7761
2026-04-27,Campanario,Mediano,174,36950.0,122,0.7011
2026-04-27,Centro Sur,Chico,60,9895.0,46,0.7667
2026-04-27,Centro Sur,Grande,57,15005.0,41,0.7193
2026-04-27,Centro Sur,Mediano,100,21515.0,77,0.77
2026-04-27,El Refugio,Chico,97,16140.0,78,0.8041
2026-04-27,El Refugio,Grande,59,15735.0,48,0.8136
2026-04-27,El Refugio,Mediano,155,33455.0,122,0.7871
2026-04-27,Jurica,Chico,53,8875.0,44,0.8302
2026-04-27,Jurica,Grande,46,12335.0,39,0.8478
2026-04-27,Jurica,Mediano,99,21260.0,75,0.7576
2026-04-27,Juriquilla,Chico,109,17820.0,80,0.7339
2026-04-27,Juriquilla,Grande,74,19475.0,53,0.7162
2026-04-27,Juriquilla,Mediano,194,41630.0,146,0.7526
2026-04-28,Campanario,Chico,91,15120.0,73,0.8022
2026-04-28,Campanario,Grande,68,18220.0,58,0.8529
2026-04-28,Campanario,Mediano,175,37880.0,141,0.8057
2026-04-28,Centro Sur,Chico,70,11540.0,53,0.7571
2026-04-28,Centro Sur,Grande,33,8845.0,28,0.8485
2026-04-28,Centro Sur,Mediano,128,27225.0,92,0.7188
2026-04-28,El Refugio,Chico,97,15755.0,69,0.7113
2026-04-28,El Refugio,Grande,61,16225.0,48,0.7869
2026-04-28,El Refugio,Mediano,124,26900.0,102,0.8226
2026-04-28,Jurica,Chico,58,9615.0,46,0.7931
2026-04-28,Jurica,Grande,37,10040.0,34,0.9189
2026-04-28,Jurica,Mediano,118,24815.0,77,0.6525
2026-04-28,Juriquilla,Chico,112,18665.0,90,0.8036
2026-04-28,Juriquilla,Grande,73,19230.0,53,0.726
2026-04-28,Juriquilla,Mediano,185,39950.0,147,0.7946
2026-04-29,Campanario,Chico,132,21985.0,107,0.8106
2026-04-29,Campanario,Grande,79,20870.0,59,0.7468
2026-04-29,Campanario,Mediano,171,36505.0,125,0.731
2026-04-29,Centro Sur,Chico,59,9790.0,47,0.7966
2026-04-29,Centro Sur,Grande,41,10575.0,24,0.5854
2026-04-29,Centro Sur,Mediano,111,23735.0,83,0.7477
2026-04-29,El Refugio,Chico,90,14435.0,58,0.6444
2026-04-29,El Refugio,Grande,54,14195.0,39,0.7222
2026-04-29,El Refugio,Mediano,136,29150.0,102,0.75
2026-04-29,Jurica,Chico,59,9680.0,44,0.7458
2026-04-29,Jurica,Grande,46,12355.0,40,0.8696
2026-04-29,Jurica,Mediano,92,19700.0,68,0.7391
2026-04-29,Juriquilla,Chico,100,16420.0,74,0.74
2026-04-29,Juriquilla,Grande,80,21325.0,65,0.8125
2026-04-29,Juriquilla,Mediano,175,37575.0,134,0.7657
2026-04-30,Campanario,Chico,115,18710.0,81,0.7043
2026-04-30,Campanario,Grande,76,20265.0,62,0.8158
2026-04-30,Campanario,Mediano,176,37840.0,136,0.7727
2026-04-30,Centro Sur,Chico,71,11810.0,57,0.8028
2026-04-30,Centro Sur,Grande,43,11530.0,37,0.8605
2026-04-30,Centro Sur,Mediano,119,25890.0,99,0.8319
2026-04-30,El Refugio,Chico,102,16700.0,75,0.7353
2026-04-30,El Refugio,Grande,59,15825.0,50,0.8475
2026-04-30,El Refugio,Mediano,143,30415.0,102,0.7133
2026-04-30,Jurica,Chico,50,8285.0,39,0.78
2026-04-30,Jurica,Grande,43,11305.0,31,0.7209
2026-04-30,Jurica,Mediano,110,23700.0,85,0.7727
2026-04-30,Juriquilla,Chico,102,16885.0,80,0.7843
2026-04-30,Juriquilla,Grande,70,18340.0,49,0.7
2026-04-30,Juriquilla,Mediano,179,38465.0,137,0.7654
2026-05-01,Campanario,Chico,96,15900.0,76,0.7917
2026-05-01,Campanario,Grande,43,11430.0,34,0.7907
2026-05-01,Campanario,Mediano,192,41130.0,143,0.7448
2026-05-01,Centro Sur,Chico,54,8780.0,38,0.7037
2026-05-01,Centro Sur,Grande,28,7340.0,20,0.7143
2026-05-01,Centro Sur,Mediano,79,17025.0,62,0.7848
2026-05-01,El Refugio,Chico,69,11445.0,54,0.7826
2026-05-01,El Refugio,Grande,54,14215.0,39,0.7222
2026-05-01,El Refugio,Mediano,121,25975.0,91,0.7521
2026-05-01,Jurica,Chico,50,8320.0,40,0.8
2026-05-01,Jurica,Grande,28,7355.0,20,0.7143
2026-05-01,Jurica,Mediano,86,18625.0,70,0.814
2026-05-01,Juriquilla,Chico,93,14925.0,61,0.6559
2026-05-01,Juriquilla,Grande,56,14890.0,44,0.7857
2026-05-01,Juriquilla,Mediano,171,36760.0,131,0.7661
2026-05-02,Campanario,Chico,91,14620.0,60,0.6593
2026-05-02,Campanario,Grande,56,14640.0,38,0.6786
2026-05-02,Campanario,Mediano,145,31280.0,114,0.7862
2026-05-02,Centro Sur,Chico,53,8665.0,39,0.7358
2026-05-02,Centro Sur,Grande,38,10100.0,30,0.7895
2026-05-02,Centro Sur,Mediano,78,16575.0,55,0.7051
2026-05-02,El Refugio,Chico,65,10835.0,53,0.8154
2026-05-02,El Refugio,Grande,41,10835.0,31,0.7561
2026-05-02,El Refugio,Mediano,108,23200.0,82,0.7593
2026-05-02,Jurica,Chico,48,7990.0,39,0.8125
2026-05-02,Jurica,Grande,34,8970.0,25,0.7353
2026-05-02,Jurica,Mediano,87,18665.0,65,0.7471
2026-05-02,Juriquilla,Chico,96,15660.0,70,0.7292
2026-05-02,Juriquilla,Grande,60,15695.0,41,0.6833
2026-05-02,Juriquilla,Mediano,164,35110.0,123,0.75
2026-05-03,Campanario,Chico,88,14540.0,68,0.7727
2026-05-03,Campanario,Grande,61,16135.0,46,0.7541
2026-05-03,Campanario,Mediano,171,36710.0,130,0.7602
2026-05-03,Centro Sur,Chico,63,10240.0,44,0.6984
2026-05-03,Centro Sur,Grande,41,10965.0,34,0.8293
2026-05-03,Centro Sur,Mediano,101,21775.0,80,0.7921
2026-05-03,El Refugio,Chico,81,13285.0,60,0.7407
2026-05-03,El Refugio,Grande,44,11795.0,37,0.8409
2026-05-03,El Refugio,Mediano,123,26190.0,88,0.7154
2026-05-03,Jurica,Chico,62,10020.0,42,0.6774
2026-05-03,Jurica,Grande,37,9630.0,24,0.6486
2026-05-03,Jurica,Mediano,81,17385.0,61,0.7531
2026-05-03,Juriquilla,Chico,87,14485.0,70,0.8046
2026-05-03,Juriquilla,Grande,56,14880.0,44,0.7857
2026-05-03,Juriquilla,Mediano,144,30645.0,103,0.7153
2026-05-04,Campanario,Chico,107,17325.0,74,0.6916
2026-05-04,Campanario,Grande,61,16020.0,43,0.7049
2026-05-04,Campanario,Mediano,195,42250.0,158,0.8103
2026-05-04,Centro Sur,Chico,63,10400.0,49,0.7778
2026-05-04,Centro Sur,Grande,34,8885.0,23,0.6765
2026-05-04,Centro Sur,Mediano,96,20630.0,74,0.7708
2026-05-04,El Refugio,Chico,91,15040.0,71,0.7802
2026-05-04,El Refugio,Grande,41,10840.0,31,0.7561
2026-05-04,El Refugio,Mediano,148,31710.0,112,0.7568
2026-05-04,Jurica,Chico,63,10545.0,52,0.8254
2026-05-04,Jurica,Grande,51,13485.0,38,0.7451
2026-05-04,Jurica,Mediano,102,21650.0,71,0.6961
2026-05-04,Juriquilla,Chico,100,16365.0,73,0.73
2026-05-04,Juriquilla,Grande,69,18240.0,52,0.7536
2026-05-04,Juriquilla,Mediano,209,44365.0,147,0.7033
2026-05-05,Campanario,Chico,115,18695.0,81,0.7043
2026-05-05,Campanario,Grande,65,17070.0,46,0.7077
2026-05-05,Campanario,Mediano,191,41460.0,157,0.822
2026-05-05,Centro Sur,Chico,62,10160.0,46,0.7419
2026-05-05,Centro Sur,Grande,45,11940.0,35,0.7778
2026-05-05,Centro Sur,Mediano,107,23360.0,91,0.8505
2026-05-05,El Refugio,Chico,80,13040.0,58,0.725
2026-05-05,El Refugio,Grande,63,16500.0,44,0.6984
2026-05-05,El Refugio,Mediano,152,32280.0,107,0.7039
2026-05-05,Jurica,Chico,69,11380.0,53,0.7681
2026-05-05,Jurica,Grande,46,12165.0,35,0.7609
2026-05-05,Jurica,Mediano,102,21655.0,72,0.7059
2026-05-05,Juriquilla,Chico,138,22570.0,101,0.7319
2026-05-05,Juriquilla,Grande,73,19370.0,57,0.7808
2026-05-05,Juriquilla,Mediano,193,41610.0,151,0.7824
2026-05-06,Campanario,Chico,110,18250.0,86,0.7818
2026-05-06,Campanario,Grande,81,21375.0,61,0.7531
2026-05-06,Campanario,Mediano,179,38500.0,138,0.7709
2026-05-06,Centro Sur,Chico,65,10495.0,44,0.6769
2026-05-06,Centro Sur,Grande,36,9450.0,25,0.6944
2026-05-06,Centro Sur,Mediano,121,26225.0,99,0.8182
2026-05-06,El Refugio,Chico,55,8910.0,38,0.6909
2026-05-06,El Refugio,Grande,69,18240.0,53,0.7681
2026-05-06,El Refugio,Mediano,159,33955.0,116,0.7296
2026-05-06,Jurica,Chico,53,8660.0,39,0.7358
2026-05-06,Jurica,Grande,40,10470.0,27,0.675
2026-05-06,Jurica,Mediano,93,19945.0,70,0.7527
2026-05-06,Juriquilla,Chico,114,18635.0,84,0.7368
2026-05-06,Juriquilla,Grande,67,17805.0,53,0.791
2026-05-06,Juriquilla,Mediano,183,39055.0,133,0.7268
2026-05-07,Campanario,Chico,105,17350.0,81,0.7714
2026-05-07,Campanario,Grande,72,19125.0,57,0.7917
2026-05-07,Campanario,Mediano,189,40430.0,140,0.7407
2026-05-07,Centro Sur,Chico,76,12460.0,56,0.7368
2026-05-07,Centro Sur,Grande,32,8550.0,26,0.8125
2026-05-07,Centro Sur,Mediano,116,24960.0,89,0.7672
2026-05-07,El Refugio,Chico,86,14125.0,64,0.7442
2026-05-07,El Refugio,Grande,60,15780.0,43,0.7167
2026-05-07,El Refugio,Mediano,133,28315.0,95,0.7143
2026-05-07,Jurica,Chico,61,9945.0,44,0.7213
2026-05-07,Jurica,Grande,44,11515.0,30,0.6818
2026-05-07,Jurica,Mediano,106,22455.0,73,0.6887
2026-05-07,Juriquilla,Chico,117,19275.0,89,0.7607
2026-05-07,Juriquilla,Grande,76,20020.0,55,0.7237
2026-05-07,Juriquilla,Mediano,181,39185.0,146,0.8066
2026-05-08,Campanario,Chico,85,13945.0,63,0.7412
2026-05-08,Campanario,Grande,48,12670.0,35,0.7292
2026-05-08,Campanario,Mediano,142,30260.0,103,0.7254
2026-05-08,Centro Sur,Chico,72,11780.0,53,0.7361
2026-05-08,Centro Sur,Grande,42,11010.0,29,0.6905
2026-05-08,Centro Sur,Mediano,100,21190.0,69,0.69
2026-05-08,El Refugio,Chico,71,11835.0,58,0.8169
2026-05-08,El Refugio,Grande,61,16155.0,47,0.7705
2026-05-08,El Refugio,Mediano,147,31550.0,112,0.7619
2026-05-08,Jurica,Chico,51,8325.0,37,0.7255
2026-05-08,Jurica,Grande,35,9185.0,25,0.7143
2026-05-08,Jurica,Mediano,85,18225.0,64,0.7529
2026-05-08,Juriquilla,Chico,94,15075.0,61,0.6489
2026-05-08,Juriquilla,Grande,63,16770.0,51,0.8095
2026-05-08,Juriquilla,Mediano,139,29615.0,100,0.7194
2026-05-09,Campanario,Chico,92,15210.0,72,0.7826
2026-05-09,Campanario,Grande,60,15905.0,46,0.7667
2026-05-09,Campanario,Mediano,160,34365.0,123,0.7688
2026-05-09,Centro Sur,Chico,60,9970.0,48,0.8
2026-05-09,Centro Sur,Grande,40,10605.0,31,0.775
2026-05-09,Centro Sur,Mediano,94,20145.0,71,0.7553
2026-05-09,El Refugio,Chico,73,12015.0,55,0.7534
2026-05-09,El Refugio,Grande,58,15225.0,41,0.7069
2026-05-09,El Refugio,Mediano,136,28940.0,97,0.7132
2026-05-09,Jurica,Chico,59,9485.0,39,0.661
2026-05-09,Jurica,Grande,35,9190.0,25,0.7143
2026-05-09,Jurica,Mediano,102,21870.0,77,0.7549
2026-05-09,Juriquilla,Chico,89,14905.0,74,0.8315
2026-05-09,Juriquilla,Grande,76,20275.0,62,0.8158
2026-05-09,Juriquilla,Mediano,162,34480.0,115,0.7099
2026-05-10,Campanario,Chico,115,18685.0,81,0.7043
2026-05-10,Campanario,Grande,61,16080.0,45,0.7377
2026-05-10,Campanario,Mediano,161,34670.0,126,0.7826
2026-05-10,Centro Sur,Chico,63,10295.0,46,0.7302
2026-05-10,Centro Sur,Grande,31,8245.0,25,0.8065
2026-05-10,Centro Sur,Mediano,80,16930.0,55,0.6875
2026-05-10,El Refugio,Chico,80,13055.0,58,0.725
2026-05-10,El Refugio,Grande,44,11595.0,32,0.7273
2026-05-10,El Refugio,Mediano,146,31230.0,108,0.7397
2026-05-10,Jurica,Chico,59,9625.0,43,0.7288
2026-05-10,Jurica,Grande,38,9970.0,27,0.7105
2026-05-10,Jurica,Mediano,75,16070.0,56,0.7467
2026-05-10,Juriquilla,Chico,73,11875.0,52,0.7123
2026-05-10,Juriquilla,Grande,49,12865.0,34,0.6939
2026-05-10,Juriquilla,Mediano,154,32700.0,108,0.7013
2026-05-11,Campanario,Chico,113,18450.0,82,0.7257
2026-05-11,Campanario,Grande,83,21895.0,61,0.7349
2026-05-11,Campanario,Mediano,205,44600.0,170,0.8293
2026-05-11,Centro Sur,Chico,80,13260.0,63,0.7875
2026-05-11,Centro Sur,Grande,43,11265.0,30,0.6977
2026-05-11,Centro Sur,Mediano,98,20980.0,73,0.7449
2026-05-11,El Refugio,Chico,107,17700.0,84,0.785
2026-05-11,El Refugio,Grande,65,17185.0,49,0.7538
2026-05-11,El Refugio,Mediano,168,35435.0,112,0.6667
2026-05-11,Jurica,Chico,65,10645.0,48,0.7385
2026-05-11,Jurica,Grande,44,11720.0,35,0.7955
2026-05-11,Jurica,Mediano,105,22590.0,82,0.781
2026-05-11,Juriquilla,Chico,119,19570.0,90,0.7563
2026-05-11,Juriquilla,Grande,82,21660.0,61,0.7439
2026-05-11,Juriquilla,Mediano,154,33105.0,118,0.7662
2026-05-12,Campanario,Chico,108,17715.0,80,0.7407
2026-05-12,Campanario,Grande,60,16020.0,49,0.8167
2026-05-12,Campanario,Mediano,171,36340.0,121,0.7076
2026-05-12,Centro Sur,Chico,58,9575.0,45,0.7759
2026-05-12,Centro Sur,Grande,50,13150.0,36,0.72
2026-05-12,Centro Sur,Mediano,103,21930.0,74,0.7184
2026-05-12,El Refugio,Chico,86,14145.0,65,0.7558
2026-05-12,El Refugio,Grande,50,13385.0,42,0.84
2026-05-12,El Refugio,Mediano,130,27775.0,96,0.7385
2026-05-12,Jurica,Chico,65,10875.0,54,0.8308
2026-05-12,Jurica,Grande,38,9945.0,26,0.6842
2026-05-12,Jurica,Mediano,109,23435.0,84,0.7706
2026-05-12,Juriquilla,Chico,112,18230.0,79,0.7054
2026-05-12,Juriquilla,Grande,89,23390.0,63,0.7079
2026-05-12,Juriquilla,Mediano,217,46890.0,173,0.7972
2026-05-13,Campanario,Chico,103,17050.0,80,0.7767
2026-05-13,Campanario,Grande,81,21370.0,60,0.7407
2026-05-13,Campanario,Mediano,189,40510.0,143,0.7566
2026-05-13,Centro Sur,Chico,62,9995.0,42,0.6774
2026-05-13,Centro Sur,Grande,53,14195.0,45,0.8491
2026-05-13,Centro Sur,Mediano,106,22650.0,78,0.7358
2026-05-13,El Refugio,Chico,88,14475.0,66,0.75
2026-05-13,El Refugio,Grande,57,14875.0,38,0.6667
2026-05-13,El Refugio,Mediano,125,26685.0,91,0.728
2026-05-13,Jurica,Chico,64,10590.0,50,0.7812
2026-05-13,Jurica,Grande,50,13145.0,36,0.72
2026-05-13,Jurica,Mediano,118,25560.0,96,0.8136
2026-05-13,Juriquilla,Chico,115,19135.0,93,0.8087
2026-05-13,Juriquilla,Grande,67,17650.0,49,0.7313
2026-05-13,Juriquilla,Mediano,169,36380.0,130,0.7692
2026-05-14,Campanario,Chico,100,16415.0,75,0.75
2026-05-14,Campanario,Grande,75,20125.0,63,0.84
2026-05-14,Campanario,Mediano,184,39145.0,131,0.712
2026-05-14,Centro Sur,Chico,82,13400.0,60,0.7317
2026-05-14,Centro Sur,Grande,29,7785.0,25,0.8621
2026-05-14,Centro Sur,Mediano,98,21005.0,74,0.7551
2026-05-14,El Refugio,Chico,81,13210.0,58,0.716
2026-05-14,El Refugio,Grande,47,12335.0,33,0.7021
2026-05-14,El Refugio,Mediano,134,28515.0,95,0.709
2026-05-14,Jurica,Chico,55,8990.0,40,0.7273
2026-05-14,Jurica,Grande,36,9440.0,25,0.6944
2026-05-14,Jurica,Mediano,122,25805.0,83,0.6803
2026-05-14,Juriquilla,Chico,120,19740.0,91,0.7583
2026-05-14,Juriquilla,Grande,76,20195.0,60,0.7895
2026-05-14,Juriquilla,Mediano,186,39810.0,138,0.7419
2026-05-15,Campanario,Chico,79,13000.0,60,0.7595
2026-05-15,Campanario,Grande,60,16055.0,51,0.85
2026-05-15,Campanario,Mediano,150,32495.0,122,0.8133
2026-05-15,Centro Sur,Chico,42,6835.0,30,0.7143
2026-05-15,Centro Sur,Grande,30,7955.0,23,0.7667
2026-05-15,Centro Sur,Mediano,93,20020.0,72,0.7742
2026-05-15,El Refugio,Chico,76,12515.0,58,0.7632
2026-05-15,El Refugio,Grande,54,14060.0,35,0.6481
2026-05-15,El Refugio,Mediano,141,30335.0,109,0.773
2026-05-15,Jurica,Chico,48,7815.0,34,0.7083
2026-05-15,Jurica,Grande,40,10535.0,29,0.725
2026-05-15,Jurica,Mediano,95,20350.0,71,0.7474
2026-05-15,Juriquilla,Chico,104,17200.0,81,0.7788
2026-05-15,Juriquilla,Grande,68,18175.0,56,0.8235
2026-05-15,Juriquilla,Mediano,136,29285.0,105,0.7721
2026-05-16,Campanario,Chico,94,15690.0,77,0.8191
2026-05-16,Campanario,Grande,60,15825.0,44,0.7333
2026-05-16,Campanario,Mediano,152,32610.0,116,0.7632
2026-05-16,Centro Sur,Chico,41,6865.0,34,0.8293
2026-05-16,Centro Sur,Grande,38,10080.0,29,0.7632
2026-05-16,Centro Sur,Mediano,109,23260.0,80,0.7339
2026-05-16,El Refugio,Chico,73,12030.0,56,0.7671
2026-05-16,El Refugio,Grande,41,10960.0,34,0.8293
2026-05-16,El Refugio,Mediano,149,31820.0,110,0.7383
2026-05-16,Jurica,Chico,54,8805.0,39,0.7222
2026-05-16,Jurica,Grande,31,8250.0,25,0.8065
2026-05-16,Jurica,Mediano,89,19310.0,73,0.8202
2026-05-16,Juriquilla,Chico,92,15190.0,71,0.7717
2026-05-16,Juriquilla,Grande,56,14950.0,46,0.8214
2026-05-16,Juriquilla,Mediano,148,31990.0,118,0.7973
2026-05-17,Campanario,Chico,93,15090.0,65,0.6989
2026-05-17,Campanario,Grande,58,15430.0,46,0.7931
2026-05-17,Campanario,Mediano,153,32620.0,110,0.719
2026-05-17,Centro Sur,Chico,54,8780.0,38,0.7037
2026-05-17,Centro Sur,Grande,34,9080.0,28,0.8235
2026-05-17,Centro Sur,Mediano,87,18795.0,69,0.7931
2026-05-17,El Refugio,Chico,85,13830.0,60,0.7059
2026-05-17,El Refugio,Grande,62,16440.0,48,0.7742
2026-05-17,El Refugio,Mediano,108,23140.0,81,0.75
2026-05-17,Jurica,Chico,68,11110.0,49,0.7206
2026-05-17,Jurica,Grande,37,9555.0,22,0.5946
2026-05-17,Jurica,Mediano,97,20860.0,75,0.7732
2026-05-17,Juriquilla,Chico,102,16705.0,75,0.7353
2026-05-17,Juriquilla,Grande,72,19210.0,59,0.8194
2026-05-17,Juriquilla,Mediano,147,31630.0,113,0.7687
2026-05-18,Campanario,Chico,123,20450.0,99,0.8049
2026-05-18,Campanario,Grande,75,19730.0,54,0.72
2026-05-18,Campanario,Mediano,181,38810.0,137,0.7569
2026-05-18,Centro Sur,Chico,71,11520.0,50,0.7042
2026-05-18,Centro Sur,Grande,40,10655.0,32,0.8
2026-05-18,Centro Sur,Mediano,112,23845.0,80,0.7143
2026-05-18,El Refugio,Chico,95,15395.0,66,0.6947
2026-05-18,El Refugio,Grande,68,17990.0,52,0.7647
2026-05-18,El Refugio,Mediano,136,28960.0,98,0.7206
2026-05-18,Jurica,Chico,69,11280.0,51,0.7391
2026-05-18,Jurica,Grande,39,10485.0,34,0.8718
2026-05-18,Jurica,Mediano,128,27105.0,88,0.6875
2026-05-18,Juriquilla,Chico,131,21485.0,97,0.7405
2026-05-18,Juriquilla,Grande,79,20740.0,55,0.6962
2026-05-18,Juriquilla,Mediano,177,37920.0,133,0.7514
2026-05-19,Campanario,Chico,124,20175.0,88,0.7097
2026-05-19,Campanario,Grande,72,19025.0,54,0.75
2026-05-19,Campanario,Mediano,168,35870.0,123,0.7321
2026-05-19,Centro Sur,Chico,58,9340.0,39,0.6724
2026-05-19,Centro Sur,Grande,38,10120.0,31,0.8158
2026-05-19,Centro Sur,Mediano,102,21930.0,79,0.7745
2026-05-19,El Refugio,Chico,100,16525.0,77,0.77
2026-05-19,El Refugio,Grande,59,15510.0,42,0.7119
2026-05-19,El Refugio,Mediano,128,27330.0,93,0.7266
2026-05-19,Jurica,Chico,69,11075.0,45,0.6522
2026-05-19,Jurica,Grande,30,8115.0,27,0.9
2026-05-19,Jurica,Mediano,108,23305.0,85,0.787
2026-05-19,Juriquilla,Chico,107,17505.0,78,0.729
2026-05-19,Juriquilla,Grande,71,18905.0,57,0.8028
2026-05-19,Juriquilla,Mediano,182,39030.0,137,0.7527
2026-05-20,Campanario,Chico,110,17905.0,78,0.7091
2026-05-20,Campanario,Grande,63,16440.0,42,0.6667
2026-05-20,Campanario,Mediano,168,36525.0,139,0.8274
2026-05-20,Centro Sur,Chico,71,11460.0,48,0.6761
2026-05-20,Centro Sur,Grande,44,11660.0,34,0.7727
2026-05-20,Centro Sur,Mediano,94,20175.0,71,0.7553
2026-05-20,El Refugio,Chico,104,17130.0,80,0.7692
2026-05-20,El Refugio,Grande,55,14355.0,37,0.6727
2026-05-20,El Refugio,Mediano,139,29715.0,103,0.741
2026-05-20,Jurica,Chico,66,11065.0,55,0.8333
2026-05-20,Jurica,Grande,41,10900.0,33,0.8049
2026-05-20,Jurica,Mediano,93,20045.0,73,0.7849
2026-05-20,Juriquilla,Chico,126,20440.0,88,0.6984
2026-05-20,Juriquilla,Grande,69,18410.0,56,0.8116
2026-05-20,Juriquilla,Mediano,191,40525.0,134,0.7016
2026-05-21,Campanario,Chico,111,18260.0,84,0.7568
2026-05-21,Campanario,Grande,95,25055.0,70,0.7368
2026-05-21,Campanario,Mediano,200,43125.0,157,0.785
2026-05-21,Centro Sur,Chico,64,10740.0,54,0.8438
2026-05-21,Centro Sur,Grande,50,13210.0,37,0.74
2026-05-21,Centro Sur,Mediano,101,21485.0,72,0.7129
2026-05-21,El Refugio,Chico,73,12030.0,55,0.7534
2026-05-21,El Refugio,Grande,54,14315.0,42,0.7778
2026-05-21,El Refugio,Mediano,135,28650.0,93,0.6889
2026-05-21,Jurica,Chico,70,11685.0,57,0.8143
2026-05-21,Jurica,Grande,44,11605.0,32,0.7273
2026-05-21,Jurica,Mediano,105,22800.0,87,0.8286
2026-05-21,Juriquilla,Chico,110,18105.0,83,0.7545
2026-05-21,Juriquilla,Grande,66,17350.0,47,0.7121
2026-05-21,Juriquilla,Mediano,183,39325.0,141,0.7705
2026-05-22,Campanario,Chico,75,12375.0,57,0.76
2026-05-22,Campanario,Grande,70,18360.0,49,0.7
2026-05-22,Campanario,Mediano,148,31750.0,112,0.7568
2026-05-22,Centro Sur,Chico,49,8000.0,35,0.7143
2026-05-22,Centro Sur,Grande,36,9360.0,23,0.6389
2026-05-22,Centro Sur,Mediano,81,16955.0,51,0.6296
2026-05-22,El Refugio,Chico,65,10555.0,46,0.7077
2026-05-22,El Refugio,Grande,54,14265.0,40,0.7407
2026-05-22,El Refugio,Mediano,137,29240.0,100,0.7299
2026-05-22,Jurica,Chico,57,9335.0,42,0.7368
2026-05-22,Jurica,Grande,42,11040.0,30,0.7143
2026-05-22,Jurica,Mediano,105,22150.0,70,0.6667
2026-05-22,Juriquilla,Chico,81,13410.0,64,0.7901
2026-05-22,Juriquilla,Grande,71,18845.0,55,0.7746
2026-05-22,Juriquilla,Mediano,148,32035.0,119,0.8041
2026-05-23,Campanario,Chico,96,15935.0,76,0.7917
2026-05-23,Campanario,Grande,64,17025.0,51,0.7969
2026-05-23,Campanario,Mediano,140,29905.0,103,0.7357
2026-05-23,Centro Sur,Chico,56,9140.0,41,0.7321
2026-05-23,Centro Sur,Grande,43,11315.0,31,0.7209
2026-05-23,Centro Sur,Mediano,104,22130.0,75,0.7212
2026-05-23,El Refugio,Chico,74,12265.0,58,0.7838
2026-05-23,El Refugio,Grande,50,13460.0,44,0.88
2026-05-23,El Refugio,Mediano,119,25540.0,90,0.7563
2026-05-23,Jurica,Chico,46,7510.0,33,0.7174
2026-05-23,Jurica,Grande,39,10095.0,24,0.6154
2026-05-23,Jurica,Mediano,89,19125.0,68,0.764
2026-05-23,Juriquilla,Chico,110,17850.0,77,0.7
2026-05-23,Juriquilla,Grande,61,16170.0,47,0.7705
2026-05-23,Juriquilla,Mediano,134,28460.0,94,0.7015
2026-05-24,Campanario,Chico,77,12325.0,50,0.6494
2026-05-24,Campanario,Grande,61,15895.0,40,0.6557
2026-05-24,Campanario,Mediano,166,34930.0,108,0.6506
2026-05-24,Centro Sur,Chico,49,7940.0,34,0.6939
2026-05-24,Centro Sur,Grande,30,7995.0,24,0.8
2026-05-24,Centro Sur,Mediano,90,19470.0,72,0.8
2026-05-24,El Refugio,Chico,76,12350.0,54,0.7105
2026-05-24,El Refugio,Grande,54,14255.0,40,0.7407
2026-05-24,El Refugio,Mediano,130,27880.0,98,0.7538
2026-05-24,Jurica,Chico,74,12200.0,56,0.7568
2026-05-24,Jurica,Grande,51,13505.0,39,0.7647
2026-05-24,Jurica,Mediano,84,17990.0,63,0.75
2026-05-24,Juriquilla,Chico,95,15595.0,71,0.7474
2026-05-24,Juriquilla,Grande,65,16965.0,44,0.6769
2026-05-24,Juriquilla,Mediano,154,33045.0,117,0.7597
2026-05-25,Campanario,Chico,96,15755.0,71,0.7396
2026-05-25,Campanario,Grande,73,19485.0,60,0.8219
2026-05-25,Campanario,Mediano,183,39270.0,139,0.7596
2026-05-25,Centro Sur,Chico,60,9825.0,44,0.7333
2026-05-25,Centro Sur,Grande,38,9970.0,27,0.7105
2026-05-25,Centro Sur,Mediano,117,25135.0,90,0.7692
2026-05-25,El Refugio,Chico,86,14105.0,64,0.7442
2026-05-25,El Refugio,Grande,53,13905.0,37,0.6981
2026-05-25,El Refugio,Mediano,160,34580.0,128,0.8
2026-05-25,Jurica,Chico,62,10330.0,50,0.8065
2026-05-25,Jurica,Grande,42,10970.0,28,0.6667
2026-05-25,Jurica,Mediano,112,24370.0,93,0.8304
2026-05-25,Juriquilla,Chico,99,16200.0,73,0.7374
2026-05-25,Juriquilla,Grande,76,19980.0,55,0.7237
2026-05-25,Juriquilla,Mediano,183,39140.0,136,0.7432
2026-05-26,Campanario,Chico,103,16625.0,70,0.6796
2026-05-26,Campanario,Grande,88,23345.0,69,0.7841
2026-05-26,Campanario,Mediano,198,42690.0,155,0.7828
2026-05-26,Centro Sur,Chico,75,12435.0,59,0.7867
2026-05-26,Centro Sur,Grande,45,11940.0,35,0.7778
2026-05-26,Centro Sur,Mediano,130,27885.0,98,0.7538
2026-05-26,El Refugio,Chico,101,16640.0,77,0.7624
2026-05-26,El Refugio,Grande,54,14270.0,41,0.7593
2026-05-26,El Refugio,Mediano,169,36435.0,133,0.787
2026-05-26,Jurica,Chico,65,10890.0,54,0.8308
2026-05-26,Jurica,Grande,42,10995.0,29,0.6905
2026-05-26,Jurica,Mediano,103,22205.0,81,0.7864
2026-05-26,Juriquilla,Chico,108,17765.0,82,0.7593
2026-05-26,Juriquilla,Grande,82,21895.0,67,0.8171
2026-05-26,Juriquilla,Mediano,183,39200.0,137,0.7486
2026-05-27,Campanario,Chico,116,18935.0,84,0.7241
2026-05-27,Campanario,Grande,60,15855.0,45,0.75
2026-05-27,Campanario,Mediano,186,39605.0,134,0.7204
2026-05-27,Centro Sur,Chico,72,11785.0,53,0.7361
2026-05-27,Centro Sur,Grande,48,12735.0,37,0.7708
2026-05-27,Centro Sur,Mediano,86,18285.0,61,0.7093
2026-05-27,El Refugio,Chico,78,12910.0,62,0.7949
2026-05-27,El Refugio,Grande,67,17675.0,50,0.7463
2026-05-27,El Refugio,Mediano,134,28580.0,97,0.7239
2026-05-27,Jurica,Chico,64,10545.0,49,0.7656
2026-05-27,Jurica,Grande,33,8690.0,24,0.7273
2026-05-27,Jurica,Mediano,95,20515.0,75,0.7895
2026-05-27,Juriquilla,Chico,112,18215.0,79,0.7054
2026-05-27,Juriquilla,Grande,98,25695.0,68,0.6939
2026-05-27,Juriquilla,Mediano,190,40615.0,141,0.7421
2026-05-28,Campanario,Chico,85,13705.0,57,0.6706
2026-05-28,Campanario,Grande,70,18385.0,50,0.7143
2026-05-28,Campanario,Mediano,163,35095.0,127,0.7791
2026-05-28,Centro Sur,Chico,57,9640.0,50,0.8772
2026-05-28,Centro Sur,Grande,38,9915.0,25,0.6579
2026-05-28,Centro Sur,Mediano,94,19935.0,66,0.7021
2026-05-28,El Refugio,Chico,101,16390.0,70,0.6931
2026-05-28,El Refugio,Grande,62,16655.0,53,0.8548
2026-05-28,El Refugio,Mediano,116,24785.0,85,0.7328
2026-05-28,Jurica,Chico,62,10300.0,49,0.7903
2026-05-28,Jurica,Grande,37,9680.0,25,0.6757
2026-05-28,Jurica,Mediano,86,18125.0,57,0.6628
2026-05-28,Juriquilla,Chico,117,19190.0,88,0.7521
2026-05-28,Juriquilla,Grande,80,21030.0,57,0.7125
2026-05-28,Juriquilla,Mediano,169,36140.0,125,0.7396
2026-05-29,Campanario,Chico,91,15095.0,72,0.7912
2026-05-29,Campanario,Grande,51,13560.0,41,0.8039
2026-05-29,Campanario,Mediano,155,33215.0,117,0.7548
2026-05-29,Centro Sur,Chico,52,8500.0,38,0.7308
2026-05-29,Centro Sur,Grande,30,8120.0,27,0.9
2026-05-29,Centro Sur,Mediano,78,16610.0,56,0.7179
2026-05-29,El Refugio,Chico,76,12640.0,61,0.8026
2026-05-29,El Refugio,Grande,44,11595.0,32,0.7273
2026-05-29,El Refugio,Mediano,114,24515.0,88,0.7719
2026-05-29,Jurica,Chico,64,10510.0,48,0.75
2026-05-29,Jurica,Grande,31,8230.0,24,0.7742
2026-05-29,Jurica,Mediano,89,19185.0,69,0.7753
2026-05-29,Juriquilla,Chico,108,17515.0,75,0.6944
2026-05-29,Juriquilla,Grande,77,20300.0,57,0.7403
2026-05-29,Juriquilla,Mediano,154,33010.0,117,0.7597
2026-05-30,Campanario,Chico,110,18210.0,86,0.7818
2026-05-30,Campanario,Grande,70,18410.0,51,0.7286
2026-05-30,Campanario,Mediano,129,27635.0,97,0.7519
2026-05-30,Centro Sur,Chico,56,9355.0,46,0.8214
2026-05-30,Centro Sur,Grande,40,10710.0,34,0.85
2026-05-30,Centro Sur,Mediano,73,15515.0,51,0.6986
2026-05-30,El Refugio,Chico,78,12745.0,57,0.7308
2026-05-30,El Refugio,Grande,68,18115.0,54,0.7941
2026-05-30,El Refugio,Mediano,132,28260.0,99,0.75
2026-05-30,Jurica,Chico,56,9290.0,45,0.8036
2026-05-30,Jurica,Grande,35,9480.0,32,0.9143
2026-05-30,Jurica,Mediano,85,18285.0,65,0.7647
2026-05-30,Juriquilla,Chico,102,17060.0,84,0.8235
2026-05-30,Juriquilla,Grande,57,15005.0,41,0.7193
2026-05-30,Juriquilla,Mediano,161,34705.0,126,0.7826
2026-05-31,Campanario,Chico,99,16220.0,73,0.7374
2026-05-31,Campanario,Grande,66,17430.0,49,0.7424
2026-05-31,Campanario,Mediano,175,37700.0,136,0.7771
2026-05-31,Centro Sur,Chico,54,8845.0,40,0.7407
2026-05-31,Centro Sur,Grande,42,11165.0,33,0.7857
2026-05-31,Centro Sur,Mediano,88,19000.0,70,0.7955
2026-05-31,El Refugio,Chico,89,14535.0,64,0.7191
2026-05-31,El Refugio,Grande,56,14830.0,43,0.7679
2026-05-31,El Refugio,Mediano,107,22820.0,78,0.729
2026-05-31,Jurica,Chico,54,8825.0,39,0.7222
2026-05-31,Jurica,Grande,37,9820.0,29,0.7838
2026-05-31,Jurica,Mediano,96,20535.0,71,0.7396
2026-05-31,Juriquilla,Chico,100,16640.0,80,0.8
2026-05-31,Juriquilla,Grande,61,16000.0,43,0.7049
2026-05-31,Juriquilla,Mediano,135,29215.0,109,0.8074
2026-06-01,Campanario,Chico,131,21455.0,96,0.7328
2026-06-01,Campanario,Grande,63,16590.0,46,0.7302
2026-06-01,Campanario,Mediano,181,39115.0,144,0.7956
2026-06-01,Centro Sur,Chico,77,12805.0,62,0.8052
2026-06-01,Centro Sur,Grande,49,12940.0,36,0.7347
2026-06-01,Centro Sur,Mediano,134,29145.0,112,0.8358
2026-06-01,El Refugio,Chico,93,15190.0,68,0.7312
2026-06-01,El Refugio,Grande,65,17195.0,49,0.7538
2026-06-01,El Refugio,Mediano,156,33375.0,115,0.7372
2026-06-01,Jurica,Chico,56,9115.0,40,0.7143
2026-06-01,Jurica,Grande,54,14355.0,43,0.7963
2026-06-01,Jurica,Mediano,109,23630.0,89,0.8165
2026-06-01,Juriquilla,Chico,115,18605.0,79,0.687
2026-06-01,Juriquilla,Grande,68,18235.0,58,0.8529
2026-06-01,Juriquilla,Mediano,191,40940.0,143,0.7487
